,7,8,9,10,13,16,18,19,20,25,27,28,29,32,34,36,63,64,66,67,69,70,71,73,75,77,78,79,80,81,82,83,84,86,87,88,89,90,92,93,94,95,96,97,98,99,100,101,102,104,105,107,109,110,112,143,148,149
mmu-let-7a-5p,18.165,17.817,16.264,16.034166,16.468,17.7453,15.968882,16.721,16.576,16.463,16.46,16.105,16.681,17.268,17.12,17.33,20.8254,16.928,19.763775,16.166,16.36,16.102577,17.863,17.263,17.39363,17.587372,17.268,17.12,17.33,17.98,16.89,16.733,17.263,17.127,16.934,18.119,16.763,16.392426,16.837,15.937906,16.369,16.628,17.956,16.755,16.9,17.773,17.145,16.962,16.425,20.523,18.851,18.096,21.244,21.13,17.971,16.567,15.992,16.905
mmu-let-7b-5p,18.04,16.787,16.513,15.905052,17.154,16.257978,15.825196,17.414,16.87,16.784,16.939,16.545,16.906,17.587,17.439,18.106,19.255762,17.106,19.329704,16.894,16.469,16.466764,18.077,17.402,17.641771,16.606941,17.587,17.439,18.106,19.944,17.114,16.776,17.402,17.84,17.302,18.887,17.447,17.015158,17.266,16.152021,17.043,17.486,17.82,17.429,17.791,18.789,17.716,17.184,17.045,20.766,20.118,19.15,20.808,21.126,18.654,16.855,16.77,17.077
mmu-let-7c-5p,17.036,16.994,15.732,15.174334,15.968,15.708723,15.06893,16.102,15.938,16.17,16.116,15.544,16.286,16.593,16.456,16.624,18.349277,16.371,18.583607,15.889,15.866,15.502965,17.307,16.512,16.80271,15.583338,16.593,16.456,16.624,17.712,16.081,16.087,16.512,16.777,16.337,17.701,16.234,15.959084,16.273,15.44397,15.993,16.394,17.373,16.381,16.395,18.091,16.289,16.305,15.864,19.596,18.71,17.824,19.85,19.929,17.532,16.009,15.82,16.546
mmu-let-7d-5p,19.002,18.922,17.792,17.348244,17.644,17.658846,17.02917,17.857,17.449,17.995,17.662,17.029,17.887,18.597,18.194,18.946,20.11922,18.149,20.864002,17.566,17.8,17.229156,19.064,17.331,18.715853,17.312853,18.597,18.194,18.946,19.684,18.157,17.777,17.331,18.679,18.096,19.773,18.033,17.477644,17.914,16.813208,17.899,18.049,19.493,18.005,18.509,20.188,18.12,17.661,17.659,22.954,21.634,19.062,21.738,21.096,19.225,17.355,17.302,18.781
mmu-let-7e-5p,18.602,18.44,17.067,16.435028,17.365,17.094238,16.35433,17.413,17.503,17.157,17.195,16.609,17.57,18.106,18.102,18.12,20.425358,18.046,20.509954,17.225,17.116,17.340582,19.037,18.684,17.955435,17.455256,18.106,18.102,18.12,19.425,17.544,18.023,18.684,18.03,17.987,18.606,17.826,17.17546,17.871,16.78033,17.476,17.758,18.989,18.135,18.032,19.052,18.01,18.354,17.454,21.48,20.09,19.328,21.812,22.189,19.306,17.243,16.262,18.349
mmu-let-7f-5p,18.183,18.193,16.178,15.87513,16.541,15.853524,15.5559,16.427,16.321,16.566,16.237,15.804,16.341,17.454,17.471,17.12,19.394999,17.315,20.103525,16.362,16.143,16.377634,18.003,17.328,17.470568,16.95555,17.454,17.471,17.12,17.578,16.6,16.398,17.328,17.277,17.132,17.945,16.859,16.066177,16.857,15.794915,16.407,16.762,17.963,16.216,16.816,18.335,16.974,17.034,16.374,20.82,19.69,18.926,21.515,21.602,17.997,16.513,15.788,17.436
mmu-let-7g-5p,19.268,19.181,17.488,17.922043,17.559,17.356216,17.480425,17.87,17.609,18.207,17.66,17.182,18.14,18.636,18.884,18.474,20.5848,18.881,21.589874,17.921,17.887,17.236738,19.284,18.335,19.669863,17.136978,18.636,18.884,18.474,19.333,18.46,18.029,18.335,18.431,18.361,19.322,18.266,16.98311,18.184,16.410233,17.54,17.782,19.322,18.135,18.09,20.38,18.276,18.492,17.435,23.868,22.656,19.703,21.792,21.748,18.769,17.268,16.901,19.061
mmu-let-7i-5p,17.894,18.289,16.573,16.274595,17.034,16.980549,15.851348,17.041,16.058,16.988,16.657,16.422,17.454,17.373,17.666,17.373,20.21377,17.95,19.969126,16.793,16.696,16.708382,18.114,16.616,20.203861,16.797009,17.373,17.666,17.373,18.848,16.885,16.794,16.616,17.457,16.978,18.621,17.304,16.725027,16.906,16.40345,16.662,16.979,18.202,17.046,17.276,19.855,17.071,16.226,16.765,23.61,21.515,19.051,21.248,18.051,18.971,16.599,16.728,17.138
mmu-miR-106a-5p,21.658,22.24,20.825,20.439098,20.553,20.622784,19.86002,20.718,19.572,20.651,20.639,19.991,21.415,21.668,21.23,22.683,23.681376,21.655,23.5121,20.496,20.797,22.208382,22.244,21.541,24.90735,22.486185,21.668,21.23,22.683,25.972,21.181,20.899,21.541,21.499,21.499,22.95,20.738,19.207216,20.799,19.455616,21.128,22.204,21.533,21.317,22.211,25.523,21.025,21.669,20.499,29.357,27.044,22.066,24.279,23.948,23.833,20.299,20.428,21.725
mmu-miR-106b-5p,21.11,21.462,20.161,19.601551,19.316,19.584167,18.923708,20.061,19.642,20.066,19.566,18.957,20.834,20.716,20.529,21.131,22.196838,20.786,22.867462,19.663,19.845,18.755564,21.265,20.532,23.701107,19.056343,20.716,20.529,21.131,24.123,20.53,19.862,20.532,20.924,20.553,22.892,19.44,18.223618,20.892,17.898483,20.122,19.958,21.735,20.084,21.565,24.949,20.057,20.635,19.349,29.627,27.442,21.25,23.16,22.791,23.927,18.84,18.077,21.665
mmu-miR-1192,39.568,34.846,33.932,33.115635,35.644,32.750004,33.245342,36.156,33.546,35.249,40,37.33,35.225,34.804,40,35.268,34.140812,33.893,38.713715,34.913,36.443,31.636278,32.985,34.909,35.418648,34.166416,34.804,40,35.268,40,37.795,33.279,34.909,34.387,33.511,34.795,34.384,32.66013,39.063,32.21471,34.404,35.068,40,34.679,40,40,36.373,40,34.665,40,40,38.137,40,34.39,40,33.726,34.948,37.599
mmu-miR-126a-5p,16.77,16.558,15.254,15.35043,15.139,14.968328,14.570937,15.145,14.985,15.357,15.305,14.995,15.419,15.781,15.852,15.876,18.534908,15.894,18.853281,14.962,15.06,14.939345,16.108,15.557,18.83821,15.355853,15.781,15.852,15.876,16.324,15.561,15.403,15.557,15.913,15.538,16.905,15.375,14.824246,15.473,14.572338,15.208,15.412,16.79,15.092,15.509,16.859,15.523,15.697,15.061,19.969,19.152,16.678,19.505,19.362,16.762,15.343,15.172,16.535
mmu-miR-128-3p,25.28,25.684,23.601,23.128258,23.52,22.863268,22.851364,24.084,24.671,23.115,23.37,23.346,24.837,25.788,24.953,25.93,25.974272,24.068,26.280464,23.772,23.927,22.55399,25.317,25.183,26.46966,22.689709,25.788,24.953,25.93,26.797,24.556,24.762,25.183,24.045,24.282,27.304,23.919,22.367748,24.421,22.61682,24.877,24.961,24.966,25.026,26.419,27.411,24.864,25.203,23.88,29.648,30.507,24.528,27.472,27.52,27.236,23.148,22.489,25.319
mmu-miR-130a-3p,19.973,20.362,18.293,18.127655,18.252,18.844648,17.809656,18.395,18.185,18.887,18.703,17.933,19.737,19.034,18.57,19.723,21.967175,19.325,21.64086,18.123,18.352,17.878923,19.816,18.7,22.755182,17.878923,19.034,18.57,19.723,21.172,18.537,18.639,18.7,19.585,18.434,21.866,18.453,17.237366,18.738,17.14366,18.844,18.583,19.962,18.63,20.112,22.805,18.691,18.992,18.075,25.841,24.175,19.882,22.113,21.677,21.424,17.902,17.995,18.833
mmu-miR-130b-3p,22.96,23.333,21.219,19.915974,21.338,21.090008,19.97613,21.842,21.813,21.96,21.32,21.049,22.441,22.295,22.09,23.466,24.229548,22.621,23.927273,21.322,21.643,20.225986,23.104,21.993,24.956453,20.865896,22.295,22.09,23.466,25.533,22.139,22.005,21.993,22.59,22.017,24.944,21.682,20.197624,22.495,19.766487,22.516,22.095,22.78,22.078,23.922,25.542,22.38,22.817,21.65,28.718,27.563,23.427,26.084,25.154,24.258,20.674,20.456,21.989
mmu-miR-135a-5p,29.93,30.009,27.474,27.49326,27.96,27.154772,27.468065,28.679,27.487,27.878,27.46,27.286,28.109,28.854,28.853,28.289,29.618097,27.847,28.954199,27.88,27.599,28.396667,28.055,26.946,33.808464,26.829311,28.854,28.853,28.289,29.247,27.971,27.168,26.946,28.972,28.344,29.313,27.698,25.799545,28.724,26.548603,27.646,28.925,28.437,27.889,29.116,31.5,28.329,28.03,27.073,33.373,34.512,29.524,32.66,32.716,30.116,27.159,25.423,29.437
mmu-miR-140-5p,22.117,22.771,20.768,20.241001,20.877,20.822739,19.98257,21.517,19.47,20.951,20.977,20.533,21.834,21.38,21.675,21.631,24.109903,21.58,24.161068,20.39,20.394,19.712368,22.232,21.738,26.808903,20.719255,21.38,21.675,21.631,20,20.936,21.284,21.738,22.076,21.018,23.551,20.142,19.567785,20.891,19.70133,21.013,21.132,22.002,20.807,22.567,26.234,21.145,21.469,20.401,29.392,28.25,22.643,25.331,24.911,24.167,20.984,20.116,22.338
mmu-miR-144-3p,22.922,23.569,20.325,19.34968,20.745,19.532825,19.455849,20.254,20.092,20.948,21.335,19.84,21.434,21.106,21.342,22.244,23.398252,21.437,23.16399,19.972,20.829,19.222939,21.671,20.724,25.790762,19.509874,21.106,21.342,22.244,24.135,20.551,20.852,20.724,21.741,20.729,26.7,20.925,18.927237,22.549,19.492926,21.291,20.836,21.781,19.736,22.502,25.786,20.943,22.125,20.194,27.758,27.628,24.631,25.074,24.836,24.453,19.936,19.117,23.795
mmu-miR-155-5p,24.547,24.363,23.223,23.672736,23.418,22.675098,23.845877,23.591,23.466,23.258,22.984,22.716,22.695,23.991,23.753,23.64,25.401457,23.664,23.927043,23.196,22.968,22.783627,23.736,23.97,23.643795,23.043072,23.991,23.753,23.64,24.415,23.085,23.115,23.97,23.662,23.492,24.275,22.755,22.545904,22.796,22.746534,23.12,23.441,24.529,23.579,23.443,24.07,23.68,23.805,22.919,26.78,24.767,23.928,27.139,27.134,24,23.12,22.543,23.89
mmu-miR-15a-5p,21.212,21.005,19.132,19.951054,19.091,18.636906,19.440226,19.154,19.158,19.559,19.184,18.32,19.924,19.57,19.827,20.641,21.486229,20.701,23.274334,18.814,19.504,17.919409,20.305,19.225,24.27607,17.977892,19.57,19.827,20.641,23.552,19.06,19.089,19.225,20.576,19.47,23.327,19.194,17.529305,20.227,17.806932,19.873,19.698,20.632,19.136,21.276,25.481,19.386,20.202,18.721,28.951,26.593,22.868,23.815,23.048,24.168,18.253,17.889,20.372
mmu-miR-15b-5p,20.475,20.649,18.66,20.433455,19.177,18.795874,18.72624,19.739,19.353,19.907,19.32,18.808,19.786,20.574,20.359,20.502,22.294754,19.883,22.63881,19.602,19.713,19.356577,20.701,20.918,21.30665,19.223406,20.574,20.359,20.502,21.261,20.116,19.572,20.918,20.199,20.002,21.444,19.346,18.41275,19.312,18.356976,19.59,19.728,20.727,20.526,20.181,21.746,19.918,20.014,19.2,25.836,24.139,20.113,22.807,22.921,21.495,18.758,18.364,20.962
mmu-miR-16-5p,17.541,17.697,15.897,15.53341,15.935,15.514412,15.6151495,15.946,15.838,16.26,16.018,15.421,16.555,19.832,16.527,16.237,18.701548,16.654,19.381527,15.791,15.906,15.42497,16.974,16.844,20.104847,15.741678,19.832,16.527,16.237,18.057,16.139,16.201,16.844,16.551,16.342,18.689,15.881,15.319427,15.946,14.8729,15.861,16.181,17.47,15.829,16.687,18.863,16.292,16.547,15.714,22.513,20.629,16.952,19.692,19.71,18.073,15.761,15.293,18.19
mmu-miR-17-5p,20.88,21.604,19.521,19.302279,19.374,19.286106,18.772797,19.722,19.682,19.845,19.472,19.116,20.394,20.588,20.18,20.801,22.548185,20.441,22.438974,19.485,19.441,18.70384,20.822,20.451,24.032637,19.210688,20.588,20.18,20.801,22.802,20.26,19.947,20.451,20.38,20.03,22.335,19.491,18.582878,19.707,18.59729,19.835,20.757,20.729,19.974,21.064,24.473,19.937,20.413,19.478,27.807,26.411,20.841,23.256,23.264,22.686,19.087,18.846,21.562
mmu-miR-181a-5p,19.815,20.221,18.655,18.137234,18.829,18.425348,17.799755,19.076,18.984,19.215,19.023,18.389,19.836,19.524,19.312,19.652,21.141363,19.738,21.207272,18.685,18.823,18.193111,20.071,19.392,22.807938,18.24239,19.524,19.312,19.652,22.165,18.871,19.157,19.392,19.931,19.167,21.307,18.965,17.866917,18.736,17.715786,18.958,19.389,20.113,19.09,20.177,22.814,19.104,19.697,18.799,24.476,22.864,20.408,22.286,22.04,21.178,18.571,18.359,19.981
mmu-miR-181b-5p,22.292,21.994,20.885,20.461655,21.109,20.128645,19.87252,21.657,21.238,21.161,21.161,21.089,21.257,21.976,21.82,21.788,23.348625,21.689,23.671246,21.183,21.559,20.76106,22.477,21.654,21.56024,20.261442,21.976,21.82,21.788,22.99,21.822,21.214,21.654,21.808,21.71,22.505,21.403,20.152754,21.417,19.832224,21.002,21.199,22.627,21.437,21.81,22.858,21.732,21.457,21.378,25.06,24.979,21.771,24.342,24.316,22.288,20.843,20.6,21.682
mmu-miR-181c-5p,20.817,21.032,19.578,19.55613,19.68,18.921259,18.625967,19.883,19.971,19.958,19.894,18.724,21.62,20.71,20.351,21.131,21.699234,20.786,22.354063,19.538,20.202,19.26468,21.19,20.58,23.613869,18.711798,20.71,20.351,21.131,24.071,19.683,19.949,20.58,20.868,20.267,22.841,20.047,18.299593,19.639,17.946722,20.321,20.56,21.176,20.521,21.818,24.094,20.408,21.081,19.625,27.12,24.789,21.437,23.284,23.232,22.625,19.043,18.985,20.388
mmu-miR-181d-5p,21.644,21.546,20.546,20.177214,20.716,19.684254,19.26984,21.311,20.488,20.655,20.892,20.447,20.9,21.395,21.434,21.654,22.924465,21.214,23.403608,20.438,20.796,20.175385,22.253,21.141,22.97049,19.781393,21.395,21.434,21.654,22.595,21.251,20.988,21.141,21.25,21.387,21.824,20.786,21.704002,20.977,21.444622,20.682,20.75,21.983,21.001,21.43,22.226,21.286,21.507,20.728,25.04,22.736,21.24,24.132,23.713,21.94,20.334,20.256,21.52
mmu-miR-182-5p,25.571,25.907,24.314,24.126514,23.657,24.59705,23.102282,24.075,23.777,24.91,24.757,23.608,23.806,25.15,24.577,25.173,26.92933,24.825,27.450668,24.165,24.565,25.679008,25.745,25.181,27.518866,23.27655,25.15,24.577,25.173,26.234,24.552,20.881,25.181,24.814,24.796,27.329,23.937,22.732038,23.769,22.749924,23.884,24.163,25.605,22.554,25.244,28.206,24.409,24.504,23.656,31.219,29.989,24.493,27.08,27.917,26.423,23.856,23.413,25.592
mmu-miR-186-5p,22.965,23.433,21.547,21.899883,21.631,22.729967,21.297686,22.134,21.545,22.055,21.927,21.576,21.596,22.556,22.266,22.372,26.238113,22.58,25.167053,21.576,21.723,25.261757,23.178,22.205,23.080078,24.268427,22.556,22.266,22.372,23.14,22.144,21.635,22.205,22.134,22.015,24.831,21.873,21.20222,21.381,21.300383,21.396,21.911,23.464,20.652,21.962,22.782,22.332,21.837,21.788,24.881,22.819,22.459,25.487,25.455,22.34,21.558,21.334,22.274
mmu-miR-195a-5p,17.801,18.004,16.662,16.393845,16.682,16.665028,15.729414,16.54,16.175,16.669,16.691,15.75,16.553,17.221,17.841,17.573,19.513557,18.114,19.434649,16.309,16.379,15.598417,18.814,17.264,20.1784,16.211344,17.221,17.841,17.573,18.391,17.071,16.59,17.264,17.116,17.58,18.64,17.248,15.527345,16.6,15.510484,16.415,16.64,17.668,16.408,17.493,19.696,16.903,17.08,16.29,25.06,22.081,17.973,19.963,19.924,19.295,15.719,15.367,17.432
mmu-miR-19a-3p,21.483,21.111,18.908,19.218794,18.751,19.085121,18.58394,19.247,19.105,19.702,19.07,18.4,20.214,20.099,19.753,20.684,21.825035,20.214,22.201445,19.107,19.51,17.938705,20.619,19.901,26.409424,18.24537,20.099,19.753,20.684,22.524,19.817,19.271,19.901,20.442,19.731,22.983,18.899,17.610826,19.786,17.386723,19.744,19.612,20.585,19.371,21.649,26.963,19.881,20.01,18.703,28.449,28.976,21.182,22.792,22.452,23.919,18,18.358,19.961
mmu-miR-19b-3p,21.596,21.164,19.099,19.228544,18.721,18.744125,18.562452,19.405,19.207,19.917,19.145,18.515,19.862,20.405,19.857,21.367,21.556911,20.248,22.316404,19.197,19.601,18.41315,20.656,19.926,26.591816,17.932243,20.405,19.857,21.367,23.138,20.01,19.607,19.926,20.594,19.981,23.03,18.874,17.448196,19.83,17.161728,20.11,19.679,20.555,19.896,21.941,27.345,19.954,20.212,18.873,28.75,27.326,20.925,23.006,22.317,23.762,17.899,18.236,21.543
mmu-miR-200c-3p,19.567,19.674,18.356,18.236582,18.654,18.923546,17.866718,19.418,18.641,18.711,18.757,18.278,18.711,19.097,21.456,18.202,22.29775,19.362,21.62826,18.408,18.374,18.5102,19.728,19.577,20.533106,18.457386,19.097,21.456,18.202,20.243,18.068,18.585,19.577,19.26,18.91,20.657,18.806,18.045017,19.047,17.795145,18.659,18.563,19.817,19.072,19.528,20.823,19.074,19.005,18.623,21.905,20.799,19.429,21.922,22.344,19.779,18.367,18.744,20.035
mmu-miR-20a-5p,20.452,20.924,18.899,18.996742,18.6,18.585505,18.46936,19.126,18.914,19.19,18.766,18.344,18.98,19.675,19.334,19.864,21.177666,19.643,22.251753,18.825,18.841,18.188211,19.838,19.505,23.97711,18.332712,19.675,19.334,19.864,21.681,19.345,18.977,19.505,19.767,19.252,21.713,18.688,17.879175,18.992,17.98437,19.092,19.662,19.972,19.069,20.201,23.943,19.175,19.593,18.638,26.499,25.98,20.327,22.533,22.269,21.918,18.396,18.44,20.783
mmu-miR-20b-5p,22.566,22.692,20.837,20.461128,20.845,19.913908,19.921144,21.49,21.272,20.828,20.677,20.347,21.462,22.002,21.849,22.581,22.789276,22.06,23.638739,20.934,20.876,20.224619,22.32,21.652,25.923565,20.403772,22.002,21.849,22.581,23.471,21.72,20.757,21.652,21.804,21.622,23.529,20.942,20.091827,21.24,19.941475,21.438,21.581,22.15,21.309,22.712,25.936,21.683,21.701,21.214,28.817,27.871,22.76,25.167,24.629,24.133,20.28,22.161,22.994
mmu-miR-221-3p,22.427,23.056,21.741,20.962729,21.471,21.10025,20.180092,21.709,21.06,22.033,22.029,21.087,21.877,23.051,22.476,22.69,23.66479,22.28,23.413425,21.387,21.47,20.463877,22.802,21.706,22.661533,20.687132,23.051,22.476,22.69,22.787,21.833,21.41,21.706,22.146,22.283,23.048,21.674,20.76005,21.662,20.465567,21.508,21.577,22.954,21.432,22.308,23.648,21.867,21.906,21.453,25.341,24.297,21.871,24.733,24.511,22.517,21.695,21.537,22.58
mmu-miR-222-3p,21.314,21.549,20.33,19.593433,20.398,20.432898,18.928692,20.105,19.861,20.356,20.336,19.414,20.435,21.118,21.052,21.24,23.722813,21.166,22.85545,19.905,20.184,19.365475,21.311,20.412,21.216522,19.698132,21.118,21.052,21.24,22.203,20.201,19.829,20.412,21.128,20.683,22.122,20.518,19.158978,19.957,18.666101,20.286,20.438,21.758,19.969,21.046,22.935,20.655,20.451,20.036,25.337,23.483,21.342,23.529,23.206,21.594,19.845,19.881,20.246
mmu-miR-23a-3p,17.252,17.78,15.983,15.733432,15.641,15.592149,15.239864,15.99,15.713,16.685,16.147,15.572,16.434,17.121,16.775,16.991,18.167213,16.57,18.726074,15.936,16.288,14.906125,17.356,16.803,17.949701,15.312905,17.121,16.775,16.991,17.834,16.776,16.282,16.803,16.756,16.743,17.892,16.184,14.882905,16.152,14.437406,16.016,16.222,17.448,16.55,16.694,18.236,16.605,16.734,15.787,21.505,20.745,15.848,18.607,18.854,17.38,15.345,15.196,17.273
mmu-miR-23b-3p,18.1,18.455,16.43,16.594963,16.372,16.253407,15.754067,16.689,16.741,17.723,16.66,16.39,17.77,18.021,17.339,17.848,18.904997,17.287,19.275227,16.91,17.225,16.299335,18.131,17.894,18.888706,16.159168,18.021,17.339,17.848,18.485,17.617,17.566,17.894,17.631,17.172,18.903,16.643,15.774551,17.02,15.280764,17.12,16.985,18.411,17.158,17.669,19.053,17.33,17.92,16.733,21.765,21.471,16.687,19.602,19.769,18.663,16.099,16.354,18.794
mmu-miR-26a-5p,16.787,17.035,15.349,14.524308,15.415,15.251803,15.203324,15.677,15.676,15.854,15.514,15.211,15.82,16.151,16.075,16.494,18.31233,16.276,19.01936,15.327,15.479,15.2392,16.623,16.108,18.580408,15.216276,16.151,16.075,16.494,17.198,16.144,15.653,16.108,16.127,15.93,17.271,15.643,14.831245,15.786,14.231351,15.589,15.694,16.865,15.983,16.404,18.051,15.919,16.059,15.564,21.333,19.791,16.128,18.967,18.747,17.285,15.19,15.236,17.183
mmu-miR-26b-5p,18.649,18.626,17.024,16.845877,16.696,16.80297,16.244701,17.326,15.491,17.378,16.938,16.45,17.76,18.153,18.284,18.489,19.655363,17.99,20.142397,16.865,17.545,16.17926,18.734,18.426,19.782028,16.618402,18.153,18.284,18.489,20.5,18.407,17.902,18.426,17.828,18.275,18.721,17.064,16.382858,17.688,15.755553,17.047,17.569,18.454,17.422,18.08,19.439,18.24,18.599,16.907,23.609,22.516,17.805,20.87,20.823,20.968,16.109,17.28,20.723
mmu-miR-27a-3p,17.648,17.999,16.027,16.012697,15.626,15.734861,15.140151,15.923,16.33,16.281,15.877,15.433,16.582,16.808,16.598,17.481,18.488611,16.72,19.50442,15.777,16.32,14.918867,17.218,16.935,20.380058,15.140953,16.808,16.598,17.481,18.982,16.549,16.129,16.935,17.127,16.563,19.27,15.875,14.909816,17.234,14.308908,16.296,16.282,17.404,15.909,17.567,20.281,16.484,16.837,15.666,24.246,22.658,17.252,19.673,19.654,19.557,15.052,14.928,17.369
mmu-miR-27b-3p,18.603,18.797,17.082,17.390665,16.846,17.071869,16.704914,17.013,19.113,17.354,17.114,16.532,17.68,17.808,17.853,18.583,20.39481,18.11,21.122595,16.937,17.262,16.719683,18.43,23.161,20.356354,16.33215,17.808,17.853,18.583,19.376,17.364,17.242,23.161,18.108,17.729,19.463,17.274,15.956415,17.729,15.608891,17.254,17.385,18.514,18.843,18.195,20.579,17.414,19.363,16.865,29.015,21.735,18.596,20.866,20.989,22.172,16.44,16.687,18.188
mmu-miR-291a-3p,30.67,30.69,29.156,28.853865,29.325,30.189432,27.505129,29.847,31.015,29.963,29.979,28.558,29.243,30.302,30.788,30.925,33.821682,29.692,31.469215,29.957,29.989,28.792944,31.741,29.257,31.13022,28.727757,30.302,30.788,30.925,31.968,30.556,29.999,29.257,30.513,29.455,30.173,29.707,27.213764,30.449,28.259346,30.249,28.954,30.596,30.421,31.352,31.246,30.185,31.806,29.43,34.09,32.346,31.466,31.609,32.976,32.311,30.652,30.297,34.109
mmu-miR-294-3p,30.548,31.128,29.688,28.488201,30.08,28.868916,28.050297,32.086,30.559,30.769,30.057,29.289,31.23,31.751,31.457,30.357,28.268988,29.501,29.1244,30.105,30.586,28.858957,30.35,30.748,32.508827,28.759966,31.751,31.457,30.357,31.625,29.868,31.065,30.748,30.857,29.498,31.977,29.915,28.519,30.711,28.750648,29.608,31.201,30.802,29.392,30.484,33.189,29.358,29.837,29.328,34.226,33.247,30.73,32.961,32.889,32.019,29.55,29.852,34.438
mmu-miR-295-3p,31.662,34.172,30.559,31.18473,31.198,29.646624,30.678164,31.249,33.386,31.699,32.444,30.669,32.316,33.448,31.98,34.993,32.382915,32.857,35.99305,30.566,29.762,32.58003,33.691,32.974,32.480427,29.929287,33.448,31.98,34.993,35.505,31.814,32.597,32.974,32.352,32.238,36.11,31.69,30.079866,32.745,29.207474,31.584,32.144,31.6,32.317,32.361,35.073,31.424,32.413,31.306,40,40,36.822,37.654,37.733,34.986,30.991,32.109,33.913
mmu-miR-29a-3p,17.053,17.635,15.706,15.583307,15.877,15.571782,15.33789,15.932,16.137,15.923,15.571,15.361,16.211,16.437,16.362,16.655,18.91252,16.691,19.333054,15.594,15.8,15.577161,16.656,15.351,20.665808,15.543099,16.437,16.362,16.655,16,16.184,16.849,15.351,16.523,16.318,18.523,15.975,15.838611,15.558,14.865186,16.105,22.337,17.218,15.491,16.953,20.625,16.339,16.601,15.811,22.817,21.335,17.322,19.588,20.116,19.609,15.158,14.986,16.982
mmu-miR-29b-3p,20.907,20.677,18.312,17.806944,18.704,18.049452,17.72543,18.437,18.839,18.9,18.334,17.691,18.944,19.011,18.701,20.752,22.658842,19.899,21.5427,17.897,19.191,17.322266,19.918,18.817,26.78934,17.246801,19.011,18.701,20.752,23.573,18.874,18.508,18.817,20.402,19.162,22.84,18.448,17.22965,19.71,17.546072,20.046,19.704,20.008,18.494,21.064,25.029,19.255,19.709,17.877,26.583,25.943,22.328,22.839,22.241,23.334,17.009,18.236,20.389
mmu-miR-29c-3p,17.373,17.827,15.677,15.407436,15.932,16.077244,16.084494,15.986,16.21,15.971,15.577,15.247,16.182,16.538,16.472,16.798,19.049038,16.825,19.079239,15.665,15.999,14.953631,16.722,16.279,21.448729,15.049129,16.538,16.472,16.798,18.73,16.278,15.726,16.279,16.636,16.399,18.474,16.02,14.838001,15.798,14.521333,16.157,16.294,17.356,15.848,17.283,21.052,16.401,16.446,15.743,23.319,21.786,17.543,19.782,19.473,18.879,15.002,15.066,16.669
mmu-miR-301a-3p,24.884,24.694,22.453,22.061457,21.583,21.503077,21.117323,21.921,21.963,23.005,22.474,21.427,23.299,22.778,22.616,23.974,24.423412,23.204,24.55567,21.631,23.18,20.839201,23.535,23.574,30.546541,20.917244,22.778,22.616,23.974,26.387,22.466,22.621,23.574,23.439,22.52,26.606,21.729,20.92488,23.513,20.53183,23.052,22.867,23.255,22.473,25.096,30.122,22.628,23.772,21.622,32.484,32.597,24.169,25.878,25.777,27.629,21.288,20.887,23.129
mmu-miR-301b-3p,24.47,24.522,22.531,22.583847,21.735,21.811644,21.83181,22.34,20.187,23.171,22.646,21.633,19.275,23.317,22.883,24.576,24.766375,23.61,24.75542,22.127,22.665,21.211834,23.828,19.002,29.953747,21.085073,23.317,22.883,24.576,19.514,22.683,23.973,19.002,23.973,22.75,26.826,21.872,21.320011,24.262,20.779556,23.626,27.316,23.559,21.754,25.355,30.798,22.932,19.329,22.287,34.956,34.186,24.413,26.163,26.487,28.994,21.526,22.025,24.701
mmu-miR-302b-3p,35.075,40,40,35.454796,34.112,40,28.879074,33.265,33.801,40,32.664,34.384,40,40,40,40,32.387615,40,33.77326,33.411,34.82,28.142221,37.621,40,40,29.542627,40,40,40,38.223,40,37.695,40,40,37.107,40,40,28.834812,34.306,29.534452,40,40,40,34.761,35.06,35.916,35.069,36.495,34.952,40,40,40,40,38.931,40,33.576,34.042,40
mmu-miR-302d-3p,30.288,32.79,31.408,30.178375,29.372,28.688223,27.011559,29.556,29.918,30.776,31.852,30.416,30.916,32.209,32.575,32.734,30.24454,29.971,30.525002,28.658,29.852,30.636438,29.283,33.268,33.26629,28.326925,32.209,32.575,32.734,31.391,31.351,31.013,33.268,30.693,29.821,31.676,30.522,27.905066,29.685,27.6789,29.918,30.362,28.751,30.688,28.644,32.258,29.833,29.719,29.233,34.434,32.605,29.981,32.082,31.716,31.701,30.376,29.066,31.88
mmu-miR-30a-5p,16.873,17.094,15.45,15.672736,15.504,15.3059,15.238692,15.666,15.654,16.09,15.682,15.264,16.204,16.197,16.11,16.738,18.520893,16.516,19.094778,15.523,15.589,15.215008,16.76,16.285,20.858994,14.935008,16.197,16.11,16.738,18.242,15.903,15.79,16.285,16.61,15.888,18.29,15.708,15.066323,15.571,15.229769,15.828,15.959,16.829,15.86,17.075,20.82,15.985,16.246,15.477,23.4,22.12,16.534,18.859,18.606,18.073,15.357,15.276,17.48
mmu-miR-30b-5p,18.217,18.306,16.925,17.775362,16.523,16.83525,17.04682,16.735,17.09,17.313,16.9,16.204,17.393,17.613,17.804,18.072,19.507113,17.748,20.704615,16.658,16.98,15.932648,18.333,17.844,21.24473,16.316689,17.613,17.804,18.072,19.78,17.527,17.081,17.844,17.713,17.59,19.081,16.709,15.851674,16.848,15.31273,16.87,17.095,18.165,17.361,18.284,21.169,17.241,18.014,16.471,23.75,24.121,17.411,19.781,19.762,20.352,16.056,18.447,18.933
mmu-miR-30c-5p,17.18,17.613,15.985,17.043839,15.929,16.457737,16.08869,16.099,16.896,16.671,16.277,15.654,17.097,17.772,17.617,17.41,19.01918,16.742,20.212818,15.928,16.185,17.340843,17.459,20.459,20.259392,17.116968,17.772,17.617,17.41,18.948,16.754,16.714,20.459,16.926,16.577,18.579,16,17.8805,15.754,15.0960655,16.142,14.085,17.442,17.119,17.173,19.59,16.451,17.918,15.856,22.621,21.653,16.163,18.776,19.735,18.898,16.149,16.96,17.394
mmu-miR-30d-5p,17.862,18.088,16.51,16.614872,16.639,16.6903,16.703146,16.775,16.636,17.182,16.945,16.438,17.538,17.216,17.274,17.726,19.559319,17.624,20.047472,16.484,16.536,16.919733,17.767,17.628,19.156775,17.246174,17.216,17.274,17.726,18.877,16.97,17.449,17.628,17.406,16.911,19.207,16.972,17.053663,16.503,15.9595585,16.971,16.698,17.981,16.984,18.004,21.139,17.109,17.509,16.705,23.003,22.308,17.453,19.796,19.635,19.348,16.677,16.68,17.13
mmu-miR-30e-5p,17.386,17.683,15.898,15.95974,15.72,15.341368,15.522778,15.989,16.049,16.486,16.132,15.615,16.779,16.652,16.752,17.059,18.559435,16.916,18.921335,15.867,15.914,15.447137,17.258,16.77,20.773476,15.444908,16.652,16.752,17.059,19.097,16.567,16.304,16.77,16.844,16.421,18.774,16.052,15.738499,15.956,14.605514,16.241,16.486,17.142,16.227,17.578,21.234,16.366,16.681,15.853,23.887,23.176,17.192,19.257,19.147,18.747,15.646,15.272,16.861
mmu-miR-322-5p,20.693,20.544,19.358,18.817024,18.751,20.250256,19.295494,19.145,18.786,19.474,19.553,18.524,19.229,20.199,20.293,19.899,21.921959,19.946,21.063938,18.917,19.5,19.961897,20.609,19.621,23.74147,18.889744,20.199,20.293,19.899,21.02,19.889,19.511,19.621,19.881,19.922,20.864,18.539,19.53846,19.625,17.395424,18.559,19.253,20.606,19.209,19.513,21.568,19.351,19.905,18.463,28.362,24.62,19.687,22.643,22.641,21.892,18.13,18.222,20.802
mmu-miR-325-3p,34.869,36.163,36.053,35.541164,35.948,32.61013,32.80164,34.808,36.948,35.413,34.929,33.259,34.029,37.018,36.215,35.298,33.81533,35.193,36.23043,33.383,35.074,33.307655,33.956,35.439,35.243572,32.32614,37.018,36.215,35.298,37.07,34.543,35.301,35.439,34.783,34.682,37.933,34.29,35.140278,32.899,31.88703,33.287,34.744,35.25,36.245,36.726,39.185,33.826,34.658,33.372,40,38.637,36.014,35.727,39.77,36.286,34.632,34.283,36.441
mmu-miR-338-5p,26.031,27.884,26.92,26.10973,27.186,25.510609,25.129332,27.13,26.402,25.797,27.21,26.067,26.795,27.367,28.048,27.571,28.6366,27.95,26.3112,26.498,26.546,26.079872,27.869,26.747,28.17835,26.308155,27.367,28.048,27.571,28.106,26.834,26.602,26.747,26.17,27.02,27.968,27.682,26.461157,26.653,24.897272,26.597,26.668,28.173,26.64,27.803,27.787,27.299,27.07,26.86,30.822,28.764,27.931,29.799,30.224,27.573,26.725,25.736,26.803
mmu-miR-340-5p,26.569,26.097,24.448,23.628315,24.23,23.387394,23.815054,24.743,27.822,25.075,24.265,23.745,25.158,26.076,25.278,25.536,26.0948,25.215,27.411316,24.715,25.063,23.038544,25.543,25.914,29.696442,23.578339,26.076,25.278,25.536,28.291,25.223,25.143,25.914,25.643,25.289,27.415,24.128,24.161785,25.15,22.933023,24.397,24.818,26.059,26.107,25.822,30.05,25.08,25.234,23.94,34.817,32.517,26.58,29.266,28.968,28.034,23.772,23.489,26.071
mmu-miR-350-3p,24.29,23.971,23.37,22.606426,22.555,21.817924,21.721449,22.688,22.517,23.161,23.215,21.977,23.215,23.802,23.887,24.144,24.862364,23.744,25.29398,22.726,23.103,21.266861,24.727,23.447,26.268114,21.414812,23.802,23.887,24.144,25.095,23.763,23.121,23.447,23.581,23.886,25.289,22.54,21.426065,23.118,20.566336,22.833,22.768,23.965,23.18,24.378,27.063,23.123,23.335,22.28,30.907,29.623,22.834,25.597,25.312,26.509,21.692,22.241,24.174
mmu-miR-369-3p,30.179,29.334,27.792,27.223013,27.673,27.452835,26.942581,27.922,27.481,28.03,27.738,27.322,28.735,29.537,28.884,28.482,30.238297,28.136,32.315567,28.454,28.453,26.73808,29.351,29.007,32.87204,26.544086,29.537,28.884,28.482,30.472,28.355,27.66,29.007,28.764,28.406,30.34,27.593,27.184223,28.202,25.311954,27.205,28.529,29.749,27.904,28.389,32.71,28.069,28.722,27.605,40,35.601,29.778,31.889,32.703,31.614,27.186,26.077,31.296
mmu-miR-384-5p,34.253,35.006,31.619,33.39044,32.643,32.318,30.72641,32.67,33.864,32.762,32.326,31.178,31.621,40,34.816,33.782,34.31066,32.137,33.919197,32.164,32.084,31.597519,32.931,33.131,35.474087,32.64658,40,34.816,33.782,33.073,33.213,32.434,33.131,32.907,33.878,33.314,31.735,32.27918,31.432,32.197025,37.429,34.911,35.676,32.975,36.699,37.168,32.763,32.992,32.456,40,35.434,32.982,40,40,35.611,31.864,31.666,32.123
mmu-miR-410-3p,28.931,29.45,27.752,27.134394,27.893,26.801718,26.736712,28.2,28.091,28.497,28.226,27.237,29.259,28.588,28.339,28.979,30.736212,28.791,30.74646,27.858,28.162,27.38748,28.756,28.69,31.80586,27.035635,28.588,28.339,28.979,31.488,28.149,26.461,28.69,29.207,27.89,32.654,28.157,27.434637,29.556,27.003473,28.586,27.836,29.38,28.775,29.953,33.521,27.97,29.658,27.958,33.483,33.896,30.332,31.341,32.295,31.27,27.638,26.173,29.399
mmu-miR-429-3p,21.802,21.691,20.099,20.035929,20.422,20.569498,20.766258,20.574,20.247,20.316,20.237,19.704,20.447,20.796,21.148,21.057,23.046406,21.284,23.362509,20.11,20.149,20.00162,21.434,21.105,25.175924,21.0681,20.796,21.148,21.057,22.344,20.348,20.368,21.105,20.817,20.806,21.911,20.64,19.846973,20.258,19.262165,19.981,20.349,21.672,20.33,21.365,23.546,20.639,20.897,20.285,27.937,24.919,21.8,24.353,24.329,22.28,20.174,19.537,23.069
mmu-miR-466d-3p,26.648,26.504,24.993,24.390076,24.674,24.185835,24.468195,25.202,24.813,25.133,24.489,24.144,25.045,25.66,25.775,25.652,27.453707,25.476,28.803335,24.805,24.802,23.959932,26.273,25.778,26.05302,23.911331,25.66,25.775,25.652,27.328,25.246,25.984,25.778,25.848,25.174,26.312,24.913,24.804436,25.014,23.41993,24.718,24.773,26.39,25.372,26.051,27.106,25.2,25.737,24.662,32.217,29.915,26.171,28.564,28.575,28.819,24.587,26.687,27.693
mmu-miR-466k,29.22,29.416,28.959,27.432373,27.955,27.697475,27.576427,28.495,29.611,29.395,28.572,28.463,28.581,29.847,28.951,29.876,30.262201,28.866,29.68962,28.859,28.506,27.32569,29.67,30.411,31.527355,27.513584,29.847,28.951,29.876,31.602,28.855,29.159,30.411,29.464,29.595,30.186,28.239,28.28836,29.522,27.132755,28.595,29.375,30.105,29.332,30.779,31.967,28.553,29.266,28.738,36.538,34.497,30.5,31.715,31.554,32.096,27.9,30.412,29.773
mmu-miR-495-3p,29.256,29.853,27.677,27.833876,27.513,26.470592,27.364395,28.313,28.601,28.453,27.811,27.409,28.279,28.739,28.836,28.401,29.3481,28.458,30.218508,28.064,28.391,27.109343,28.839,28.549,30.692905,27.337547,28.739,28.836,28.401,30.243,28.426,27.751,28.549,29.228,28.367,30.626,27.726,26.64756,28.334,26.45397,27.606,27.715,29.482,28.483,29.287,31.742,28.202,28.072,27.801,36.849,34.225,28.648,31.716,31.604,30.449,27.366,33.06,29.704
mmu-miR-497-5p,19.838,20.456,19.138,19.216576,18.29,18.565125,18.520983,18.762,18.586,19.378,18.953,17.986,19.473,19.403,19.096,19.892,20.882046,19.987,21.478456,18.513,18.748,18.271675,19.922,19.072,23.837072,18.162903,19.403,19.096,19.892,22.497,19.136,19.176,19.072,19.876,19.352,22.114,18.542,18.225206,18.762,18.738384,18.934,19.195,19.827,18.79,20.593,23.622,18.852,19.401,18.357,26.589,26.426,20.49,22.158,21.686,23.335,17.805,19.979,22.055
mmu-miR-590-3p,18.988,40,40,37.990692,35.625,40,36.29722,40,34.931,40,40,40,40,40,39.632,40,40,40,40,32.771,39.847,39.73437,37.29,38.314,40,40,40,39.632,40,38.649,40,36.158,38.314,22.083,40,40,40,40,40,40,40,37.502,40,38.118,40,20.511,40,37.009,40,40,40,40,40,40,40,40,37.591,40
mmu-miR-669h-3p,27.413,27.305,27.052,26.031612,27.721,24.490396,25.196133,26.613,27.391,27.537,26.717,25.999,25.747,28.051,27.424,27.785,27.336569,26.644,27.427946,26.563,27.784,24.516472,28.53,27.414,28.716795,24.605106,28.051,27.424,27.785,30.084,27.156,26.612,27.414,28.095,27.396,27.787,27.565,25.700613,26.453,26.116259,27.517,27.461,29.358,27.866,28.489,29.136,27.159,26.193,26.133,30.798,30.491,27.806,28.86,29.099,28.993,24.621,25.401,28.478
mmu-miR-669k-3p,26.329,27.068,26.704,25.820087,26.283,26.130522,26.104013,25.877,27.039,26.953,26.224,26.137,26.213,26.134,26.801,26.489,25.800539,26.173,26.511354,26.157,26.23,25.773705,27.095,26.644,25.858536,26.38841,26.134,26.801,26.489,26.904,26.58,26.528,26.644,26.207,26.817,26.795,26.623,26.466003,25.722,25.980894,26.375,26.631,26.609,26.039,26.866,26.545,26.876,26.975,26.105,26.318,26.831,26.547,26.557,27.043,26.912,26.183,25.102,26.385
mmu-miR-694,29.751,29.483,29.13,27.873789,30.861,28.473392,28.149532,29.734,29.478,28.846,28.755,28.968,29.051,29.698,30.712,30.476,31.683561,29.739,31.057684,28.845,28.981,27.616028,31.358,29.992,30.997065,28.729603,29.698,30.712,30.476,30.666,29.244,28.807,29.992,30.001,30.165,29.193,29.689,29.886969,30.204,29.631123,29.745,30.192,31.324,30.289,30.668,30.461,30.147,29.676,29.241,33.581,31.776,31.255,32.892,32.562,30.72,29.165,35.644,35.7
mmu-miR-712-5p,24.931,24.942,23.441,23.097067,24.405,25.460426,25.253197,23.732,24.155,24.055,23.958,22.792,24.076,24.765,24.85,24.595,29.265007,24.03,25.312737,24.378,23.446,22.792477,24.441,23.958,26.376886,22.903505,24.765,24.85,24.595,26.888,23.162,23.487,23.958,23.684,23.665,25.297,23.89,23.510084,23.096,23.9624,24.559,25.045,24.738,25.34,24.299,25.968,24.323,24.516,23.208,26.296,25.954,25.149,25.991,26.312,25.361,24.874,23.705,28.43
mmu-miR-721,38.145,33.285,33.375,32.295532,34.688,32.0599,32.94033,33.986,32.324,33.206,33.861,33.057,38.004,34.022,32.09,40,34.836628,31.532,31.986797,33.518,35.263,32.286438,36.637,34.629,36.376778,31.367056,34.022,32.09,40,36.064,33.622,32.159,34.629,36.393,33.953,35.098,35.035,32.327873,35.428,31.214867,34.409,36.394,33.038,35.415,38.706,39.912,33.664,33.11,33.498,40,40,35.372,37.448,40,40,32.147,32.919,36.427
mmu-miR-743a-3p,32.814,33.279,32.955,30.402195,32.944,32.31309,31.309294,31.768,32.702,31.934,32.814,31.941,34.237,31.881,32.323,32.135,32.908306,32.226,32.73822,32.488,34.597,30.813757,32.489,33.17,33.609997,30.851414,31.881,32.323,32.135,34.521,32.761,32.646,33.17,33.981,32.738,33.479,32.176,31.074726,33.089,30.50424,32.543,30,32.122,31.966,31.864,33.261,31.816,33.815,31.953,35.683,35.075,33.944,34.43,34.054,40,31.707,37.954,36.952
mmu-miR-743b-3p,36.442,37.152,38.669,33.68677,38.731,32.857903,33.18892,37.769,35.586,40,32.44,36.319,32.068,36.735,36.04,38.49,40,38.321,40,33.916,34.488,33.799843,39.309,35.17,40,33.424675,36.735,36.04,38.49,40,40,36.664,35.17,34.794,34.551,39.667,40,34.04013,40,34.44013,35.541,30,36.081,30,32.9,40,33.953,30,35.672,40,37.794,38.395,40,39.542,30,33.33,40,35.475
mmu-miR-876-3p,34.954,40,38.084,33.842964,35.288,40,38.080235,35.032,38.841,40,35.788,34.658,37.714,33.47,37.386,35.766,40,40,40,35.964,33.646,38.30824,40,36.492,40,36.689205,33.47,37.386,35.766,40,34.435,33.003,36.492,36.907,34.718,36.204,38.125,39.55168,34.773,35.05599,35.766,37.497,33.178,34.421,33.726,34.178,34.191,34.486,35.315,40,35.374,40,39.009,40,36.11,40,37.672,36.228
mmu-miR-9-5p,29.53,29.838,27.38,27.655273,28.368,26.453903,27.565775,28.17,27.51,27.66,27.309,27.112,27.48,29.274,29.665,27.568,30.925575,28.333,32.292095,27.568,27.139,27.654903,28.6,28.361,32.26278,27.149597,29.274,29.665,27.568,28.25,27.296,26.77,28.361,28.332,27.907,28.81,27.843,27.469076,28.063,26.558443,27.658,27.685,29.242,27.572,27.946,29.326,28.106,27.298,27.782,31.745,31.282,29.357,31.836,33.23,28.378,27.262,23.798,28.599
mmu-miR-93-5p,20.848,21.38,19.476,19.951683,19.59,19.532444,19.42816,19.818,19.69,19.759,19.205,19.044,20.291,20.269,20.182,20.528,22.759289,20.464,22.941042,19.469,19.515,19.129469,20.578,20.162,24.250319,20.074835,20.269,20.182,20.528,22.288,19.888,19.827,20.162,20.363,19.86,21.944,19.641,19.802235,19.672,18.922789,19.841,20.007,20.676,19.642,20.882,23.881,19.971,20.17,19.62,26.295,24.703,20.857,23.253,22.97,22.144,19.327,21.77,21.89
mmu-miR-98-5p,23.648,23.48,22.194,22.716198,21.949,23.001915,22.5448,22.358,21.985,21.976,21.867,21.455,22.118,23.11,22.673,22.626,26.392616,22.642,25.822012,21.798,22.051,22.337482,22.902,22.775,23.992853,23.541685,23.11,22.673,22.626,23.058,22.303,21.358,22.775,22.633,22.536,23.209,22.065,22.453325,22.76,22.26071,21.753,21.974,23.545,22.218,22.101,23.66,22.63,22.332,21.948,26.273,25.486,23.935,26.886,27.356,23.366,21.754,22.755,24.562