,7,8,9,10,13,16,18,19,20,25,27,28,29,32,34,36,63,64,66,67,69,70,71,73,75,77,78,79,80,81,82,83,84,86,87,88,89,90,92,93,94,95,96,97,98,99,100,101,102,107,109,110,112,143,148,149
mmu-let-7a-5p,0.541424971,0.970522344,1.116383985,1.898194509,1.182357786,0.352414983,1.176036565,1.171886894,1.442095459,1.353942684,1,0.972542588,1.325313194,1.032398535,1.071154561,1.068682525,0.365658212,1.337309444,0.668350982,1.17881174,1.27795172,1.305274435,0.990686158,1.218410264,3.160753441,0.588991751,1.032398535,1.071154561,1.068682525,1.936788834,1.000115531,0.968618189,0.956829207,0.975468146,1.046689357,1.488301345,1.10790435,0.890295396,0.759260398,1.262312403,1.323477193,1.491744027,0.972430242,1.217706686,1.783444928,2.377590077,1.044635763,1.235704112,1.143402487,0.39342667,0.179202997,0.299127682,0.962260891,0.853817714,0.714662173,1.099616149
mmu-let-7b-5p,0.822925272,2.762229773,1.309334154,2.893351967,1.024320127,1.377134211,1.810789589,1.010334721,1.639398595,1.510647092,1,0.999191655,1.580447743,1.153485605,1.196787214,0.869846858,1.51278364,1.647562658,1.258538049,0.991945892,1.651564523,1.413396427,1.190444201,1.543280175,3.709249981,1.61972662,1.153485605,1.196787214,0.869846858,0.691914973,1.193473611,1.310393404,1.185366617,0.829415358,1.130399971,1.218128784,0.961149886,0.805872775,0.786035658,1.516719184,1.156153804,1.147107024,1.489333314,1.063755556,1.340402857,1.638641207,0.980099415,1.476655546,1.036940658,0.264101915,0.337899628,0.418074899,0.835377389,0.974679631,0.580888564,1.360370852
mmu-let-7c-5p,0.93292521,1.352691953,1.271766078,2.71407358,1.317375538,1.139123499,1.72893654,1.417976215,1.768059305,1.306916226,1,1.130399971,1.373001625,1.298638603,1.337154961,1.373477554,1.602906937,1.550069963,1.19320823,1.125318458,1.417976215,1.558291534,1.14750465,1.4054187,3.750774423,1.861355128,1.298638603,1.337154961,1.373477554,1.837401188,1.380476823,1.194163187,1.296240426,0.979533451,1.247321467,1.566632363,1.25948447,0.947171778,0.884336087,1.400561175,1.353160841,1.382232207,1.147637223,1.243293291,1.994001737,1.502640612,1.489677463,1.535100739,1.328992841,0.374273982,0.371045153,0.541800389,1.027757571,0.990342872,0.634342247,1.111108729
mmu-let-7d-5p,0.697291274,1.038019347,0.89059001,1.756312826,1.203859199,0.86083054,1.2974194,1.22674325,1.811477224,1.077110802,1,1.179220356,1.321643735,0.945402117,1.170533859,0.8020885,1.372444364,1.319812817,0.71720171,1.027638847,1.083600777,1.375326514,0.991373087,1.25092908,2.908036747,1.639025538,0.945402117,1.170533859,0.8020885,1.36761928,0.956055759,1.080725402,1.37109956,0.765336795,1.0761158,1.087991033,1.056895936,0.965359361,0.827979335,1.583116033,1.054334998,1.281647924,0.77092727,1.177858853,1.345056399,1.02562263,1.222640278,1.751187223,1.118320208,0.463347556,0.292734901,0.704578977,0.928195109,1.137605228,0.663116075,0.689202576
mmu-let-7e-5p,0.665648903,1.048868151,1.064985164,2.392909497,1.056773846,0.921086892,1.498464512,1.207341106,1.262397862,1.392972394,1,1.141422837,1.191132028,0.961260928,0.902604994,1.02870786,0.803076688,1.025504152,0.663192149,0.941696017,1.25948447,0.921047948,0.730775413,0.77271055,3.563916411,1.074328601,0.961260928,0.902604994,1.02870786,1.183998019,1.057873167,0.659296807,0.753841609,0.868240525,0.839634489,1.767446648,0.882601028,0.861141368,0.617138698,1.171733923,1.022664789,1.134455485,0.790954531,0.778714647,1.354412006,1.630709728,0.954621014,0.783678234,0.932601938,0.278773758,0.201195043,0.238958722,0.634855429,0.889458994,0.986460599,0.672683604
mmu-let-7f-5p,0.458131394,0.640749935,1.015248808,1.815873664,0.963039359,1.120484869,1.341563103,1.231002194,1.474439541,1.080101331,1,1.026570945,1.437272219,0.777546036,0.719549911,1.059095976,0.844382548,0.876200737,0.452480597,0.881683847,1.272647905,0.924212282,0.770304095,1.057018041,2.56743989,0.781946243,0.777546036,0.719549911,1.059095976,2.192636512,1.04765715,1.046810282,0.784221627,0.753232245,0.781779323,1.438601154,0.88812419,0.956346281,0.641564699,1.194212852,1.104454001,1.164733586,0.829127954,1.515891679,1.619632689,1.379839055,1.00765376,1.007188233,1.01489701,0.189617847,0.127243747,0.184773957,0.809722796,0.759435845,0.705311923,0.652025368
mmu-let-7g-5p,0.579079501,0.866236779,1.097965964,1.178335881,1.275149735,1.06026961,0.947626151,1.214054623,1.619071465,0.928624125,1,1.059095976,1.107520446,0.918912883,0.724554776,1.110980376,0.992519716,0.793517163,0.433041992,0.802366531,1.018773496,1.366222225,0.849979529,0.955945318,1.499036488,1.848959127,0.918912883,0.724554776,1.110980376,1.741905872,0.773871893,0.906261938,0.893991694,0.907624002,0.894301582,1.485209725,0.898028623,1.358177465,0.685708194,2.090346346,1.350349946,1.540074348,0.866737282,1.07487334,1.795849768,0.896577376,1.095811766,0.983047705,1.30435207,0.296718476,0.281589739,0.447771104,1.271472272,1.20664392,0.874380622,0.566834706
mmu-let-7i-5p,0.748893947,0.8020885,1.032995045,1.84190523,0.915522131,0.686388919,1.462530708,1.0761158,2.367175495,1.07860503,1,0.89492168,0.889048071,1.100378609,0.840993565,1.18906974,0.640467676,0.75488738,0.664493427,0.874986906,1.160569832,0.983194102,0.954290225,1.625631204,0.516570621,1.167710248,1.100378609,0.840993565,1.18906974,1.216441269,1.150424788,1.064370182,1.542567193,0.889561754,1.16379208,1.204693939,0.872866748,0.810427481,0.829702861,1.047917397,1.23827636,1.340712592,0.939957001,1.14089551,1.575343748,0.643717681,1.260503392,2.359258226,1.035504148,0.232639288,0.204853815,2.897549552,0.551525693,0.957271458,0.491864669,1.072516617
mmu-miR-106a-5p,0.871053558,0.819509929,0.856682981,1.623036937,1.261960424,0.868659793,1.435740401,1.329453515,3.274254961,1.34552264,1,1.191544914,0.90208378,0.885767519,1.123629702,0.473630316,0.9148402,0.9146764,0.900846269,1.061668478,1.068682525,0.343301524,0.861247622,0.997922719,0.313285195,0.357621737,0.885767519,1.123629702,0.473630316,0.137801803,0.92541133,0.977385766,0.876200737,0.853324672,0.80097734,0.947151207,1.27618133,2.291934794,0.882499072,1.996342146,0.885358302,0.566441943,1.475973344,0.933787814,0.813755146,0.200059355,1.285206337,0.856979936,1.229722961,0.454756658,0.396025893,0.768348822,0.299681099,1.163926534,0.598048061,0.70514898
mmu-miR-106b-5p,0.605346606,0.667959869,0.645206704,1.378637185,1.413886847,0.848202222,1.305956567,0.996425145,1.482638281,0.959374944,1,1.159765665,0.641416483,0.814507563,0.868240525,0.660135154,1.21683172,0.794067378,0.669423375,0.898962807,0.982707065,1.786785146,0.806921368,0.840896415,0.343597513,1.831909627,0.814507563,0.868240525,0.660135154,0.235968578,0.690717014,0.953298545,0.884131785,0.604228721,0.733481932,0.468677248,1.491571704,2.154217622,0.393290343,2.792373645,0.84518164,1.277213759,0.60990932,1.043309114,0.605276677,0.141561416,1.194991205,0.834123745,1.297139223,0.380552306,0.408856552,0.814413473,0.133461914,1.520978753,1.45028188,0.349411743
mmu-miR-126a-5p,0.639418918,1.043068087,1.009634653,1.369229076,1.333914934,1.061163653,1.033698115,1.568986929,1.930757087,1.308729253,1,0.939414218,1.427344254,1.299539062,1.158426625,1.314790861,0.80332722,1.229722961,0.564158259,1.187834082,1.41307039,1.258696245,1.501599422,1.459020344,0.521481689,1.24214908,1.299539062,1.158426625,1.314790861,2.740932247,1.128312478,1.093535457,1.448272756,1.016187531,1.236989568,1.550428146,1.302093757,1.049558077,0.877619001,1.085963038,1.328992841,1.556170353,0.97987299,1.73167317,2.100403736,2.011818283,1.443929196,1.33360677,1.321643735,0.472100746,0.26862522,0.457496729,0.99896082,0.89564567,0.566572834,0.638164384
mmu-miR-128-3p,0.469707109,0.499942241,0.83037409,1.670796276,1.071525859,1.220421217,1.198683613,0.85608938,0.634268969,1.619071465,1,0.773157014,0.558772658,0.338212058,0.564938868,0.331213489,1.239446214,1.140236693,0.877815003,0.727658447,0.810471485,1.793701927,0.679478591,0.669427628,0.704288534,2.061911388,0.338212058,0.564938868,0.331213489,0.516437858,0.592204216,0.44596426,0.726650397,0.970073971,0.772621288,0.30750178,0.934219415,1.701767564,0.47587899,1.481598969,0.437190311,0.55632506,0.907309498,0.474068246,0.292329366,0.358861734,0.596254436,0.491183272,0.783678234,0.547969183,0.287506538,0.42893571,0.188090645,1.072516617,0.951538103,0.387696603
mmu-miR-130a-3p,0.731958284,0.787217028,1.294893398,2.105464913,1.625255647,0.778624241,1.554185726,1.738488271,2.237932723,1.19430115,1,1.296689747,0.754364313,1.436940177,1.85596135,0.96315062,0.784471351,1.201913718,0.861303043,1.437272219,1.520803053,3.317117615,1.211252799,1.38991822,0.363925866,2.278000926,1.436940177,1.85596135,0.96315062,1.003239924,1.511694556,1.223488041,1.708030022,0.840410835,1.751794243,0.524737088,1.625443415,2.346346368,0.962372062,2.590651582,1.126879563,1.821339667,1.146047362,1.571526573,0.91109075,0.344004657,1.693490625,1.432299634,1.724685531,0.540050665,0.464473009,0.969177847,0.415955183,1.602139755,0.844010782,1.367935304
mmu-miR-130b-3p,0.566376508,0.615927878,1.045239342,3.739433774,1.174190644,1.007401767,2.123854474,0.97795049,1.110467112,0.870651139,1,0.917533879,0.710217755,0.919550046,0.992519028,0.441300514,1.003068177,0.75071298,1.083110048,0.960151077,0.953188422,2.17489261,0.760752988,0.705637922,0.485467123,1.762710233,0.919550046,0.992519028,0.441300514,0.299508046,0.763746975,0.727994774,0.826641291,0.642232094,0.896784553,0.381212324,1.063509804,1.8495291,0.436685541,2.580209124,0.542364003,0.979420298,0.997000869,0.883417102,0.398504154,0.316548837,0.805524291,0.619997083,0.887816443,0.283843315,0.181704577,0.533971014,0.357868136,1.43893358,0.940391454,0.941478465
mmu-miR-135a-5p,0.318603348,0.424793423,0.965155519,1.3808282,0.840702149,1.06133137,0.83205449,0.603252265,1.533859848,1.015483407,1,0.85787142,0.985094022,0.687770909,0.644461762,1.099489124,1.688650386,1.414540353,2.342832533,0.718636109,1.082849943,0.532282178,1.734476146,1.663244197,0.074090609,1.992224641,0.687770909,0.644461762,1.099489124,1.609560345,0.94551134,1.43296165,1.069052966,0.543053661,0.787762875,1.301041216,1.158962056,2.685586146,0.41056048,1.653326893,1.092272885,0.607097442,1.393455245,1.109697662,0.767727732,0.359110564,0.919550046,1.17881174,1.459357488,0.292430697,0.13431261,0.199275097,0.435124453,1.132883885,2.120395426,0.380244688
mmu-miR-140-5p,0.80097734,0.7168948,1.126489084,2.353475498,1.274266175,0.95588447,1.666989384,0.965824746,4.44186845,1.381434028,1,1.034428073,0.852831915,1.366987452,1.043309114,1.241284084,0.859199266,1.217847369,0.726172818,1.444262853,1.786125351,2.447929767,1.09771231,1.388955136,0.105989665,1.538406041,1.366987452,1.043309114,1.241284084,8,1.38623002,0.946057647,1.313424556,0.723049672,1.41307039,0.789311496,2.438228497,2.256359583,1.046568445,2.128216616,1.211952649,1.505246747,1.347856275,1.680821669,0.803665283,0.154480859,1.494849249,1.244299114,1.663628532,0.385330067,0.241428294,0.498212572,0.300513144,0.915099168,0.938437997,0.582770599
mmu-miR-144-3p,0.186440131,0.16768021,0.622775603,1.775302453,0.567864121,0.950509642,0.976652283,0.942643611,1.173743905,0.562965207,0.317306944,0.680083754,0.457639769,0.672194666,0.534446583,0.330056367,0.572229852,0.546875499,0.589438759,0.784738743,0.537294261,1.397590945,0.65858931,0.482282712,0.087297703,1.446702557,0.672194666,0.534446583,0.330056367,0.253071626,0.736173471,0.519052006,0.974196249,0.370903983,0.702117471,0.036187059,0.576257023,1.430476701,0.134867783,1,0.406487906,0.751555213,0.638880347,1.436061631,0.341893208,0.085700712,0.69928429,0.321142238,0.780940389,0.039503319,0.117327871,0.213422522,0.100234496,0.769477475,0.762751139,0.086326721
mmu-miR-155-5p,0.597426581,0.955834889,0.825782261,0.876640863,0.880055654,1.064037625,0.460393036,0.921996599,1.118966362,1.1220731,1,0.915627903,1.887312513,0.899378312,0.993207229,1.239564492,1.410797248,1.154552145,3.432857171,0.830086354,1.205668535,1.170644614,1.555631119,1.404444876,3.821405886,1.235092705,0.899378312,0.993207229,1.239564492,2.060031884,1.256287505,1.068805991,1.009284801,0.968058855,1.022310422,1.92074589,1.601954679,1.150992155,1.123240349,1.036299489,1.130791805,1.220946513,0.939957001,0.989085173,1.760111308,2.782728196,1.036701101,0.990571716,1.167427804,0.635589267,0.277136121,0.42893571,1.356134246,0.836826243,0.701411667,0.798851916
mmu-miR-15a-5p,0.432818279,0.7036029,1.010334721,0.830320276,1.268098373,1.255046804,0.700564076,1.433789601,1.591256786,1.046205795,1,1.383989822,0.924876945,1.383190629,1.083851171,0.711449536,1.528099692,0.646325731,0.387459879,1.242575344,0.955172584,2.4478602,1.204554776,0.946713631,0.177000888,2.968634201,1.383190629,1.083851171,0.711449536,0.268997872,1.468320253,1.250062303,1.662475792,0.590155345,1.192371116,0.266031072,1.357388159,2.674885245,0.478525154,2.283177464,0.770749169,1.173648178,1.005328273,1.544528687,0.567489918,0.075128286,1.460032011,0.864137823,1.538296212,0.095138076,0.199252077,0.522982049,0.086659397,1.753211443,1.267805413,0.657015814
mmu-miR-15b-5p,0.792692556,0.989542333,1.539896442,0.65308326,1.312817765,1.235224409,1.262755142,1.050323199,1.527493951,0.903230849,1,1.084352132,1.118320208,0.757858283,0.823686168,0.860849733,0.95874142,1.252085718,0.661421952,0.790771803,0.90804351,0.993335631,1.005909142,1.040300267,1.52335111,1.375813897,0.757858283,0.823686168,0.860849733,1.446600612,0.776020499,0.982820599,0.767550369,0.842160238,0.906157249,1.078231279,1.342417412,1.593315533,0.991487622,1.713562722,1.03049202,1.263127262,1.034308578,0.647596308,1.332067017,1.099235117,1.109569472,1.081724666,1.212793001,0.705719445,0.440332937,0.627563492,0.607307883,1.35754498,1.002313162,0.47963206
mmu-miR-16-5p,0.614222528,0.776379179,1.05983034,1.977097246,1.259338977,1.217764504,1.106240769,1.476143865,1.770512055,1.147239551,1,1.150159014,1.064616133,0.128514228,1.189344506,1.678105401,1.173176166,1.190306684,0.641235336,1.125318458,1.288625754,1.536832748,1.350505954,1.272794935,0.355285693,1.558343561,0.128514228,1.189344506,1.678105401,1.351598511,1.238991823,1.030968319,1.059463094,1.07041235,1.161374557,0.737986672,1.502987836,1.378744375,1.0364616,1.780120619,1.385429533,1.496922987,1.002544772,1.703104154,1.521681757,0.822165079,1.388955136,1.212793001,1.377768342,0.64001014,0.386801868,0.589201633,0.659982648,1.098854218,0.854015011,0.332171454
mmu-miR-17-5p,0.665187671,0.567162218,0.942022441,1.589435898,1.272500891,0.977074969,1.358503156,1.180856236,1.351130164,1.04765715,1,0.973216937,0.815260676,0.833931044,1.036102452,0.777456215,0.893650529,0.944965349,0.844095907,0.95285813,1.218269516,1.735185818,1.027757571,0.915099168,0.255830735,1.542214389,0.833931044,1.036102452,0.777456215,0.552354607,0.780335623,0.842062954,0.937787746,0.825400757,0.987486776,0.646027134,1.348946689,1.573420188,0.837793541,1.611813699,0.966159533,0.687770909,1.147637223,1.054944182,0.802551938,0.184475355,1.216722359,0.91151186,1.111365479,0.473411503,0.358405993,0.549744562,0.295555301,1.200803427,0.797376688,0.3515983
mmu-miR-181a-5p,1.019479901,1.083600777,1.257739664,2.610922859,1.360056576,1.299808571,1.953498187,1.353629893,1.60566026,1.187696866,1,1.180038012,0.879242686,1.277213759,1.385269491,1.262981348,1.735804738,1.126879563,1.452140286,1.215317557,1.36967474,1.811040948,1.267073312,1.237132479,0.437987166,2.210390602,1.277213759,1.385269491,1.262981348,0.629233186,1.497095928,1.066585781,1.453300795,0.825400757,1.31570252,0.965044027,1.422899072,1.893250094,1.203025036,2.175261733,1.299839354,1.300440147,1.288476895,1.426190468,1.087237157,0.426760927,1.587767862,1.09682498,1.303448275,0.468190208,0.514294513,0.940717425,0.615785585,1.257884972,0.81865831,0.770571108
mmu-miR-181b-5p,0.805989715,1.395549535,1.180038012,2.294434836,1.232567509,1.756863575,2.04385793,0.995734715,1.481610951,1.356761058,1,0.799313485,1.445264286,1.027401439,1.071897286,1.264733426,1.65443965,1.282832966,1.158458878,0.946932394,0.904901918,1.344314009,1.052266404,1.368883813,4.577812901,2.40035757,1.027401439,1.071897286,1.264733426,1.563378028,0.852142533,1.128182137,1.109056861,0.989085173,0.993666294,1.851464217,1.155753181,1.708852647,0.825686869,2.208016572,1.387351478,1.632406092,0.992863069,1.233849701,1.542923643,1.821971005,1.130530567,1.425366906,0.960151077,0.801162426,0.544372716,0.85490341,1.255707111,1.146312186,0.762248512,1.043188594
mmu-miR-181c-5p,0.930987262,1.129616709,1.213213396,1.785915515,1.379042259,1.685747159,2.015095086,1.41503068,1.481610951,1.297888696,1,1.710992378,0.466947848,1.026689546,1.232994758,0.82864917,2.156562707,0.996770539,1.199463979,1.230575635,0.96315062,1.575981027,1.066955495,1.051172909,0.458193691,2.919848132,1.026689546,1.232994758,0.82864917,0.307075787,1.559589846,1.126619228,1.23399225,0.788491259,1.122591728,0.609486709,1.229296845,2.565409264,1.176634845,3.389924166,0.924236092,1.056285625,1.127921502,0.96738808,0.637574868,0.321412958,1.17609125,0.768615158,1.34474566,0.419623293,0.47095681,0.753058232,0.413081971,1.658639092,0.970186045,1.062895674
mmu-miR-181d-5p,1.048141382,1.579900096,1.238705589,2.319123795,1.343193046,1.983974065,2.575718476,1.050323199,2.067900352,1.598996373,1,1.035145332,1.536165158,1.275444392,1.162448391,1.151754579,1.842293178,1.47972936,1.157365732,1.317071195,1.274413393,1.674285046,1.01995111,1.474269217,1.429398818,2.778484772,1.275444392,1.162448391,1.151754579,1.706057968,1.050565903,1.095052471,1.424379259,1.208457442,1.031564001,2.463426909,1.471036795,0.483899717,0.929590137,0.59930113,1.437272219,1.849326556,1.2875841,1.385269491,1.666321368,2.343232324,1.278099363,1.142610215,1.250351162,0.960705843,0.522559299,1.077608648,1.326385371,1.353786279,0.802922882,0.968618189
mmu-miR-182-5p,0.441198564,0.492262587,0.582164995,0.961225282,1.119871604,0.421692665,1.157650356,0.989999705,1.354568483,0.536196361,0.439418242,0.740976657,1.312211255,0.604857277,0.842549489,0.643271644,0.734739292,0.775393206,0.448273618,0.636838738,0.598531881,0.236283179,0.580419006,0.888637339,0.391124324,1.577683703,0.604857277,0.842549489,0.643271644,0.876808284,0.682468013,8,0.749499801,0.654213454,0.621790293,0.347319022,1.060320199,1.519304102,0.859359286,1.552633872,1,1.111622289,0.669582317,1.511345321,0.758559017,0.237692233,0.939305698,0.916368645,1.051901779,0.645206704,0.433568946,0.374360468,0.379761792,0.754538629,0.576343173,0.368737658
mmu-miR-186-5p,0.859657169,0.875290206,1.268244877,1.439842325,1.459694711,0.492324065,1.294261302,1.216581805,2.036605664,1.241570915,1,0.969849862,1.943063882,1.168777249,1.338082127,1.434783772,0.379679673,1.176363016,0.698532833,1.226318167,1.373477554,0.100982217,1.100760038,1.775222675,2.71475217,0.253888039,1.168777249,1.338082127,1.434783772,2.39606437,1.159229864,1.43296165,1.558689251,1.341797226,1.367777283,0.627926092,1.418959422,1.404018553,1.439598662,1.357161115,1.795434887,1.69466487,0.945183708,1.807714277,2.361439651,3.265943878,1.268391399,1.862619947,1.228870877,0.845669977,0.418606514,0.660135154,2.059793913,1.187559666,0.779344626,1.176906737
mmu-miR-195a-5p,0.817807576,1.00057779,0.99435529,1.736218877,1.196372511,0.874553875,1.629467883,1.559229546,2.234832439,1.377609185,1,1.459863351,1.699762681,1.251796459,0.762688931,1.05983034,1.065411432,0.689839829,0.985415339,1.252953899,1.480242284,2.172736418,0.601443033,1.35754498,0.538306033,1.794208229,1.251796459,0.762688931,1.05983034,1.709609307,1.035384529,1.255271991,1.179629113,1.153618869,0.785037422,1.217284734,0.92905334,1.903212959,1.050201868,1.992377467,1.504551336,1.736280455,1.393455245,1.817766217,1.387672062,0.735858358,1.449946833,1.336382813,1.473588118,0.502838377,0.511096163,0.809909904,0.451093999,1.803750757,1.29354777,0.89564567
mmu-miR-19a-3p,0.331443148,0.604089131,1.09038176,1.27456048,1.483152213,0.849994945,1.171920672,1.242144775,1.525377862,0.875492465,1,1.209854313,0.698984967,0.885767519,1.054213204,0.638090665,1.116460853,0.837019613,0.753149323,0.937137947,0.878938016,2.231826947,0.895335317,0.891928519,0.037278161,2.278874275,0.885767519,1.054213204,0.638090665,0.506862616,0.80283013,1.0181852,1.042706649,0.598393607,0.919443822,0.312010539,1.538829437,2.335863548,0.600263008,2.823044754,0.778804612,1.151089491,0.959707496,1.212652902,0.404908172,0.024851901,0.957271458,0.912143891,1.439266083,0.282861291,0.374144291,0.730437801,0.095160061,1.93053405,0.846354123,0.807201075
mmu-miR-19b-3p,0.322827041,0.613371625,1.006141583,1.333529586,1.595121886,1.134079805,1.252979592,1.172699466,1.497095928,0.794526182,1,1.176770783,0.93973985,0.754712984,1.033233745,0.418654876,1.416231064,0.861148133,0.732575234,0.927444807,0.869244135,1.692059343,0.91923141,0.824162085,0.034603997,2.982347427,0.754712984,1.033233745,0.418654876,0.348847081,0.739779212,0.849684999,0.971531941,0.567293275,0.814413473,0.318125223,1.649276554,2.754109652,0.61330077,3.475563732,0.636544524,1.157490217,1.032160028,0.887713884,0.348363811,0.02008831,0.958599438,0.835280888,1.34754489,0.356053679,0.339778546,0.844888773,0.111761872,2.181015465,0.970186045,0.284007316
mmu-miR-200c-3p,1.006839229,1.316614812,1.286840577,2.026811379,1.276918694,0.765302049,1.550890594,0.88812419,1.693686276,1.400718129,1,1.05983034,1.594753377,1.42800398,0.26064655,2.869567545,0.647619202,1.216160243,0.901995933,1.224619307,1.554912431,1.208929543,1.336537207,1.467133344,1.762706771,1.583706873,1.42800398,0.26064655,2.869567545,1.982975244,2.172214642,1.318593614,1.084728005,1.092903989,1.307520289,1.259338977,1.321185767,1.391619693,0.806455407,1.712174803,1.329914348,1.917198877,1.315550533,1.200942158,1.417812414,1.410786817,1.348167732,1.473588118,1.224619307,0.767461704,0.550443605,0.633683051,1.350505954,1.204972315,0.521353325,0.617281303
mmu-miR-20a-5p,0.548602588,0.557032471,0.888740004,1.204180644,1.333914934,0.973425293,1.027725455,1.094167291,1.410460894,1.0112689,1,1.018773496,1.331759279,0.962594443,1.141686592,0.912460071,1.416471591,1.007188233,0.589147113,0.922955716,1.131968124,1.52068271,1.24616923,0.946057647,0.162982447,1.737459481,0.962594443,1.141686592,0.912460071,0.736453666,0.901979573,1.011152081,0.991258566,0.773871893,1.038019347,0.609486709,1.442762003,1.570917046,0.843036305,1.511106141,0.991258566,0.90062598,1.188932382,1.210972973,0.8948183,0.163289055,1.264879542,0.986460599,1.219536834,0.414420325,0.362654251,0.671674114,0.308533704,1.188383105,0.647671126,0.369846877
mmu-miR-20b-5p,0.476594211,0.615074612,0.872261932,1.64110305,1.058239861,1.457745801,1.412911318,0.799313485,1.034667104,1.221934257,1,0.955834889,0.896473805,0.721464343,0.751146734,0.521895668,1.743143894,0.709233867,0.847164378,0.80459425,1.038739097,1.394077887,0.83885886,0.817335328,0.159025883,1.555005123,0.721464343,0.751146734,0.521895668,0.800884813,0.653911213,1.107264584,0.741404786,0.709151938,0.75514905,0.650971671,1.137473814,1.274520872,0.667419927,1.46357837,0.733227771,0.89564567,0.988057335,0.964041172,0.590359913,0.154266852,0.8362464,0.860551437,0.769148106,0.288604693,0.219709121,0.492035166,0.249913372,1.210833084,0.18470993,0.300409012
mmu-miR-221-3p,0.515636156,0.469574292,0.458001851,1.138912438,0.673737575,0.629373861,1.160152869,0.674750167,1.177525797,0.520784591,0.384909718,0.562305215,0.660635011,0.342598799,0.47789271,0.475469707,0.93353089,0.598293516,0.973072925,0.577513002,0.67615473,1.160418472,0.590124802,0.817104215,1.498955444,1.255403672,0.342598799,0.47789271,0.475469707,1.264229747,0.594092165,0.691879164,0.776967056,0.549716111,0.469248921,0.892707014,0.672881953,0.788030842,0.489458574,1,0.686306695,0.8824534,0.556039264,0.869801841,0.767510646,0.740253853,0.723262872,0.733528707,0.640346789,0.52513442,0.291639627,0.524649317,0.75267137,0.446147296,0.279694799,0.393269989
mmu-miR-222-3p,0.896163165,1.072392722,0.978628588,2.364214335,1.1389202,0.803154345,2.219328021,1.648133759,2.172214642,1.338082127,1,1.440763296,1.442262066,1.051172909,1.03037298,1.043791337,0.720542117,1.040540655,1.151091752,1.296240426,1.324853955,1.996475222,1.332836671,1.574615953,3.279274111,2.002162864,1.051172909,1.03037298,1.043791337,1.522736872,1.479558425,1.663244197,1.488989245,0.894508233,1.143006283,1.362887677,1.204833119,1.920928739,1.282240308,2.796987876,1.286394669,1.561572985,1.023610369,1.926746362,1.479045738,0.975017488,1.346300069,1.615894863,1.373953647,0.608853343,0.539863531,1.041623089,1.146709536,1.292352831,0.708251341,1.593280193
mmu-miR-23a-3p,0.820646798,0.801532727,1.091894398,1.8821242,1.688411624,1.261813041,1.569114811,1.565727702,2.111351334,0.934435291,1,1.132753017,1.26604908,0.920187651,1.095178984,1.08811673,1.858005364,1.379679659,1.104488834,1.112907227,1.081349834,2.256255059,1.133276581,1.208317843,1.730510266,2.293874295,0.920187651,1.095178984,1.08811673,1.725084064,0.871254838,1.065846736,1.152952705,1.015483407,0.961816335,1.402175242,1.332220912,1.881367907,0.982593545,1.946625016,1.360685201,1.591072968,1.113164393,1.129877736,1.655958671,1.388473844,1.222640278,1.165002728,1.432299634,1.504377534,0.897302706,1.166214636,1.166753666,1.603250659,0.998845422,0.685866644
mmu-miR-23b-3p,0.650595764,0.716398059,1.143006283,1.478189093,1.451622845,1.138583554,1.56780694,1.376336592,1.477508742,0.649394318,1,0.916898113,0.715653592,0.703684188,1.057140159,0.857276994,1.589938174,1.197755413,1.077154976,0.808507652,0.805989715,1.308210924,0.945074522,0.888842681,1.288053484,1.820737996,0.703684188,1.057140159,0.857276994,1.567718646,0.694076538,0.624598063,0.885972198,0.790132586,1.019479901,0.992863069,1.383030846,1.569419466,0.768260064,2.286611073,0.903335201,1.337927555,0.814884032,1.057873167,1.202191452,1.124668637,1.055553718,0.730690995,1.060932841,1.200110017,0.642454713,0.882601028,0.684204738,1.356604327,0.638754446,0.341036959
mmu-miR-26a-5p,0.730437801,0.866236779,1.092651504,2.017814894,1.273383227,1.030142676,1.037773007,1.254257299,1.396839892,1.071897286,1,0.938112815,1.249484785,1.162314108,1.147239551,0.99022847,1.083453823,1.090759723,0.581194451,1.094546566,1.221651963,1.232621761,1.214615765,1.303147149,0.720709866,1.5816335,1.162314108,1.147239551,0.99022847,1.728675008,0.870651139,1.062895674,1.168237284,1.012671789,1.089626226,1.390560647,1.249917898,1.213170229,0.816580299,1.255250239,1.179629113,1.479387509,1.075245927,1.079352921,1.305558104,1.017832385,1.268391399,1.199417006,1.077982183,0.798944209,0.450833512,0.809909904,0.803572445,1.151089491,0.62647695,0.470739232
mmu-miR-26b-5p,0.539177924,0.771550949,0.918170085,1.506203636,1.406068292,0.94322716,1.352955058,1.073136306,4.260925027,1.000115531,1,1.066462571,0.873774757,0.778624691,0.665802719,0.666572329,1.145998111,0.892134622,0.71601208,1.011385734,0.782863851,1.723892923,0.754451466,0.661127303,0.840820938,1.605796789,0.778624691,0.665802719,0.666572329,0.470304378,0.486720912,0.599985691,0.544624328,0.835763505,0.57547826,1.365724671,1.252519734,1.24826479,0.586281999,1.995045984,1.152153816,1.082224645,0.959042508,1.068188803,1.096318256,1.043550198,0.681129017,0.553376519,1.140236693,0.670433743,0.323461669,0.515424612,0.167879735,1.633537982,0.407630338,0.108592773
mmu-miR-27a-3p,0.517214036,0.571107143,0.878328994,1.286183809,1.414867219,0.947886461,1.394418791,1.360213705,1.141686592,1.025385688,1,1.034428073,0.947588985,0.948026965,1.02680816,0.642528937,1.233157152,1.031206551,0.534044858,1.03049202,0.877112215,1.871156421,1.034189097,0.925946023,0.266247614,2.143158178,0.948026965,1.02680816,0.642528937,0.645579497,0.845669977,0.982820599,0.928087886,0.65119732,0.903648327,0.44740915,1.368725683,1.560255178,0.384929639,1.614374174,0.929375381,1.265756594,0.95175798,1.461213175,0.749846223,0.279031519,1.102669163,0.899586137,1.291755775,0.471446728,0.35543722,0.555490188,0.213972901,1.629015126,0.948903533,0.532185091
mmu-miR-27b-3p,0.628869832,0.77422958,0.996425145,1.16645353,1.431637924,0.884404436,1.111032421,1.506116463,0.390979987,1.148831066,1,1.138262524,1.043429649,1.117287138,1.014076624,0.705556408,0.775477951,0.927444807,0.410046047,1.086985981,1.0761158,1.339084653,1.052266404,0.656560563,0.63796293,2.212291255,1.117287138,1.014076624,0.705556408,1.158025215,1.133014769,1.071030823,0.745527427,0.777635867,0.949232455,0.922529318,1.223346706,1.895222196,0.64379205,2.495076414,1.127660927,1.388955136,1.039339269,0.450677293,1.1436667,0.534958914,1.364147835,0.368141765,1.32623215,0.437746232,0.366444513,0.519009673,0.08232646,1.467133344,0.694638045,0.711038705
mmu-miR-291a-3p,0.377671633,0.524568955,0.595512763,1.064591412,0.646193286,0.256420972,1.605538117,0.531523113,0.263255881,0.473861602,0.345407425,0.703296203,0.88866054,0.499089688,0.333680126,0.350188675,0.181451598,0.779545066,0.811469532,0.337206519,0.409008954,0.800713018,0.266807477,0.443304834,0.938903961,1.057974851,0.499089688,0.333680126,0.350188675,0.483315667,0.311982642,0.398698754,0.635826183,0.369472186,0.722066859,1.419160408,0.570067371,1.995000351,0.245881938,1,0.355939595,1.178025689,0.617725446,0.379859463,0.322649046,0.84784415,0.502909601,0.170365408,0.563975475,0.150677684,0.550966943,0.329466648,0.18813902,0.199211246,0.143160395,0.031848539
mmu-miR-294-3p,0.577745624,0.544312221,0.578948263,1.928214879,0.538246772,0.900254098,1.546697341,0.158275113,0.507626632,0.380993864,0.459989553,0.595637435,0.315127231,0.256970205,0.295010798,0.729766249,1,1.250934572,5.794667307,0.427799391,0.380114597,1.075230649,0.983620017,1.015135985,0.507593148,1.45437402,0.256970205,0.295010798,0.729766249,0.861749025,0.706538297,0.267697023,0.720967601,0.409189113,0.985212156,0.571307616,0.693758926,1.134813328,0.288239442,1,0.780248905,0.348848612,0.752800591,1.08963101,0.827791688,0.309964092,1.254117915,0.937575212,0.850867465,0.352779753,0.303409816,0.491923654,0.323799576,0.601098365,0.273954144,0.044769903
mmu-miR-295-3p,0.366359602,0.102048886,0.434471164,0.408260765,0.340367612,0.720725685,0.343444745,0.388054808,0.098186308,0.274459592,0.120700119,0.314107944,0.203744403,0.108781038,0.281784794,0.080177005,0.949047148,0.167685789,0.270922446,0.426563472,0.923595042,0.111909093,0.13323075,0.304074976,0.710531493,0.887551866,0.108781038,0.281784794,0.080177005,0.228009473,0.251680556,0.127052705,0.3802005,0.199251939,0.202407174,0.192932175,0.278226614,0.527928699,0.096599911,1,0.272217615,0.249048564,0.594259788,0.196917832,0.309318637,0.24249031,0.411082254,0.215809807,0.296444171,0.050194241,0.202664551,0.312587574,0.112578169,0.303864281,0.078663181,0.065267066
mmu-miR-29a-3p,0.631928542,0.59453487,0.887508802,1.401029014,0.961705228,0.858485199,0.98345089,1.093409135,1.055675667,1.063018472,1,0.879547461,0.991258566,0.991716731,0.97817647,0.921357741,0.743522171,0.851060343,0.486461938,0.946276258,1.017362155,1.014500212,1.234990548,0.844400887,0.176665287,1.311840512,0.991716731,0.97817647,0.921357741,1.00E-02,0.880971142,0.482633512,2.130708648,0.800607295,0.866236779,0.607378046,1.032995045,0.705721565,0.994929818,1.305837158,0.858168787,0.015399208,0.87579594,1.579170196,0.928302344,0.177821294,0.986232704,0.856979936,0.944965349,0.363283228,0.30495466,0.326201051,0.166951389,1.224336392,0.767550369,0.562919293
mmu-miR-29b-3p,0.296649927,0.489993098,0.989542333,2.03615845,0.919975067,1.046226463,1.275784731,1.307520289,1.101268814,0.916474514,1,1.187422482,1.012087016,1.130530567,1.312362856,0.365472139,0.376083695,0.625175581,0.713879675,1.301642564,0.658307406,2.054324613,0.873875706,0.635515845,0.017200073,2.733767088,1.130530567,1.31E+00,3.65E-01,1.47E-01,9.27E-01,1.04E+00,1.167427804,0.369377186,0.818942084,0.206851406,1.262981348,1.826563615,0.37989343,1.517717205,0.379279508,0.648419777,0.859557863,1.337154961,0.364670819,0.05701558,0.886996305,0.67470714,1.531911903,0.076742345,0.217436594,0.507624404,0.085703623,2.303775285,0.55299308,0.360232437
mmu-miR-29c-3p,0.508328609,0.522619671,0.909303199,1.589262938,0.929590137,0.607267122,0.58858428,1.057628774,1.007770176,1.03251781,1,0.955834889,1.015600727,0.928516852,0.910143962,0.837890332,0.679210029,0.778804612,0.582453117,0.904588358,0.889972914,1.519851287,1.18468212,0.940826108,0.103103806,1.855184065,0.928516852,0.910143962,0.837890332,0.624453767,0.82884065,1.055553718,1.060197713,0.743377366,0.822355061,0.630980212,1.00544442,1.267321008,0.845963115,1.311279291,0.831237896,1.019597683,0.79922115,1.238133317,0.741576107,0.132815921,0.948684315,0.958156574,0.994699967,0.31298527,0.267695848,0.51150964,0.278066143,1.36983298,0.736283529,0.702222438
mmu-miR-301a-3p,0.332133082,0.533601021,0.988856673,1.880787471,2.204828844,1.683624217,2.142792151,2.060269882,2.227100506,0.938980216,1,1.571163515,0.871959682,1.464085696,1.533859848,0.690557443,1.951462401,1.11522386,1.559174967,1.724685531,0.730944277,3.163955188,1.255707111,1.140763716,0.022426643,3.785404137,1.464085696,1.533859848,0.690557443,0.368737658,1.35488149,1.057018041,1.328071973,0.793425498,1.408181538,0.26806721,2.29077114,2.486130453,0.479853748,3.377943037,0.832391036,1.276328769,1.596227923,1.49502195,0.393017829,0.029451808,1.509425969,0.711696148,2.014376466,0.377661773,0.46640872,0.771550949,0.076973198,2.09216988,1.552220306,0.950659101
mmu-miR-301b-3p,0.498558027,0.677284241,1.055431782,1.47523709,2.235607107,1.531561359,1.47121176,1.736079884,8.593028421,0.942893457,1,1.534568805,8,1.135242102,1.436110407,0.512574401,1.73338565,0.948246031,1.529471086,1.377768342,1.176770783,2.753174717,1.154685532,6.988583167,0.038105723,3.796364018,1.135242102,1.436110407,0.512574401,8,1.313272832,0.466516496,8,0.617352619,1.352691953,0.259295067,2.337284468,2.129878303,0.321672981,3.20521026,0.629960525,0.065835065,1.456662515,2.77246004,0.370017822,0.020767912,1.377450046,8,1.431307184,0.359276547,0.431271016,0.531386445,0.03366749,1.998614186,0.794617975,0.360232437
mmu-miR-302d-3p,0.329136592,0.081829131,0.083606466,0.284271985,0.418294713,0.485434707,1.511709488,0.43490082,0.376596544,0.180377546,0.063062449,0.129745673,0.186372168,0.08899851,0.064663332,0.066835496,1.448292164,0.429657306,1.04418391,0.554884086,0.300775369,0.149210107,0.980388183,0.577112706,0.142846095,0.934127468,0.08899851,0.064663332,0.066835496,0.482162604,0.120248572,0.132028839,0.098841337,0.218104534,0.374687131,0.334851113,0.216698089,0.82624469,0.279242738,1,0.299423287,0.296874483,1.484103458,0.211113635,1.409898853,0.281152543,0.429260402,0.484060183,0.432346026,2.82E-01,2.65E-01,0.527688458,0.192032846,0.161311925,0.224729019,0.092585174
mmu-miR-30a-5p,0.773157014,0.934219415,1.144591925,1.422134419,1.345056399,1.114770837,1.137702155,1.419943311,1.593464266,1.022546653,1,1.015952769,1.075742911,1.264879542,1.258030297,0.939414218,1.053415554,1.037659659,0.619714158,1.073508291,1.271766078,1.408268249,1.24099732,1.202469249,0.166882491,2.064355352,1.264879542,1.258030297,0.939414218,0.941913621,1.156020248,1.085981856,1.252953899,0.814037221,1.260357781,0.77092727,1.342417412,1.301755949,1.06486214,1.20264096,1.122980856,1.383190629,1.238562496,1.320575391,0.921251307,0.16776341,1.361314116,1.183724489,1.286394669,0.677440745,0.545884132,1.00335583,0.522861229,1.151887642,0.684600064,0.430474594
mmu-miR-30b-5p,0.708496845,0.938112815,0.95782456,0.770267699,1.543993487,0.898379658,0.755757301,1.574434057,1.369991238,1.01900891,1,1.231855756,1.097585504,1.102669163,0.904483862,0.866837417,1.237007859,1.027638847,0.472320426,1.137079664,1.128051812,1.992089087,0.970298132,0.955282936,0.297130478,1.927862733,1.102669163,0.904483862,0.866837417,0.754538629,0.872463491,1.032398535,0.952197888,0.881581996,0.901146352,1.0364616,1.560310696,1.75699246,1.022192327,2.641294191,1.268684494,1.464085696,1.141290982,1.08535475,0.927016335,0.306402506,1.32592576,0.808507652,1.50246703,0.858069653,0.670201428,1.047415118,0.25060724,1.650610817,0.176817544,0.365767805
mmu-miR-30c-5p,0.94398336,0.984752673,1.193197891,0.830444025,1.513267114,0.757811095,0.953381091,1.588685257,1.017597243,1.03251781,1,1.171074886,0.874986906,0.641268301,0.66857748,0.89059001,1.126453427,1.340093194,0.4312615,1.224619307,1.270884862,0.487369261,1.154685532,0.815637493,0.38196345,0.718830403,0.641268301,0.66857748,0.89059001,0.87216117,0.968058855,0.864537231,0.240704219,0.98771496,1.180856236,0.953078312,1.656149986,0.279570104,1.416830001,1.992955504,1.364463056,1.914542916,1.223205388,0.833449485,1.300139716,0.594397519,1.488645255,0.561101367,1.494158641,1.323324307,0.873371081,0.692954885,0.445809727,1.00486382,0.32182166,0.690158677
mmu-miR-30d-5p,0.934867191,1.125708532,1.317527736,1.776357344,1.46984769,1.0248034,0.989429567,1.579900096,1.93611771,1.151222478,1,1.080600559,1.024083487,1.497960934,1.347389224,1.136685651,1.230844635,1.155352697,0.768427382,1.323477193,1.583188824,1.036842792,1.481953315,1.276328769,1.303258708,1.044286329,1.497960934,1.347389224,1.136685651,1.455653183,1.324241884,0.825305409,1.174733361,1.125188464,1.48847329,0.97987299,1.341487241,0.787918874,1.339474082,1.740397078,1.220382446,1.988940337,1.337618464,1.454140497,1.161240397,0.322752461,1.498999602,1.183724489,1.317984436,0.859855815,0.684283785,1.180038012,0.518530228,1.107264584,0.620857178,1.316766922
mmu-miR-30e-5p,0.740121142,0.848409884,1.146179766,1.59223561,1.581909062,1.485840408,1.276361429,1.550607269,1.655384859,1.061545836,1,1.08811673,0.986460599,1.260503392,1.101268814,1.027282756,1.401073525,1.074252648,0.954698987,1.155352697,1.386870742,1.637838569,1.200387333,1.141554707,0.241889911,2.071654379,1.260503392,1.101268814,1.027282756,0.711367351,0.996655394,1.038859103,1.103688717,0.94551134,1.189894226,0.75297124,1.444763483,1.115958208,1.113936247,1.926490404,1.152153816,1.311302014,1.361943323,1.398777667,0.888021596,0.172002328,1.42800398,1.196096122,1.354099106,0.586485224,0.565918681,0.942022441,0.447667658,1.28788163,0.937787746,0.90312651
mmu-miR-322-5p,0.323648562,0.505400851,0.450781433,0.950946775,0.837599992,0.214055652,0.404156956,0.752884258,1.07462502,0.579079501,0.404067064,0.626983769,0.78132788,0.466732122,0.409471042,0.620928906,0.589545609,0.569197015,0.935741212,0.603740296,0.499826743,0.310077303,0.509151416,0.617994827,0.133794913,0.823370691,0.466732122,0.409471042,0.620928906,0.811877143,0.431320841,0.486889626,0.608361179,0.498558027,0.454861742,0.765425215,1.115352704,0.346755018,0.379016703,1.584708697,1,0.833738387,0.534156106,0.766221458,1.00509602,0.590564551,0.780606113,0.554016174,0.959929261,0.450260971,0.234284487,0.361859111,0.21902488,0.99631004,0.525222272,0.254487494
mmu-miR-338-5p,2.103074562,0.81988871,0.626983769,8,0.636103458,1.467850292,1.862382728,0.781057139,1.439764981,1.901098566,0.526193987,0.883621238,1.083725967,0.853028984,0.498212572,0.800237421,1.475326567,0.582770599,8,0.828744904,0.994125571,1.173424349,0.873068446,1.114708637,1.623621294,1.265057535,0.853028984,0.498212572,0.800237421,1.570619085,0.920081353,0.938654847,1.199139914,1.675780664,0.872665096,1.462395294,0.518530228,0.751211819,0.763305945,2.297985455,1,1.284019103,0.740377693,1.167023274,0.844010782,2.083727566,0.830853871,1.014662547,0.748461493,0.390348149,0.431769528,0.496030247,1.1220731,0.677206003,0.755236293,1.044394429
mmu-miR-340-5p,0.315235081,0.615785585,0.757070732,1.937431764,1.074252648,1.39E+00,1.007952451,0.889150784,0.117101652,0.682468013,0.881887582,0.961594134,0.733566672,0.454284084,0.739608307,0.713754578,1.869735679,0.844400887,0.657381836,0.620713746,0.604787405,2.10242281,0.952748057,0.967052867,0.123375101,1.826420553,4.54E-01,0.739608307,0.713754578,0.300686778,0.611673353,0.561620175,0.646176415,0.52552574,0.630470162,0.466947848,1.325466309,0.804778499,0.470848009,1.95154762,1,1.00742097,0.697532979,0.367504376,0.72514094,0.09448091,0.841868418,0.788400174,1.232852325,0.216709354,0.13596746,0.257831422,0.177410914,1.141290982,0.78024548,0.377530908
mmu-miR-350-3p,0.517453095,0.90909313,0.540550009,1.330560859,1.160167679,1.397055983,1.455013545,1.249629139,1.565727702,0.869846858,0.617566614,1.1076484,0.953959551,0.743119775,0.656029835,0.633536656,1.485831311,0.791685866,0.96469146,0.833353207,0.795812243,2.427945156,0.567293275,1.025030378,0.449206643,2.767428416,0.743119775,0.656029835,0.633536656,0.931955732,0.569131262,0.771461821,0.885767519,0.742176041,0.563895604,0.689361834,1.347700573,1.813005959,0.651272553,3.404176091,1,1.410949807,1.007188233,0.945292906,0.667265738,0.253343491,1.105475205,0.994470169,1.317679952,0.983388462,0.584928964,1.099235117,0.172679254,1.63202897,0.62676651,0.47554925
mmu-miR-369-3p,0.180804188,0.457391037,0.522136891,1.123069726,0.691755125,0.582156454,0.807705116,0.687532587,1.038739097,0.616354955,0.556196537,0.564286602,0.430474594,0.288904918,0.42538272,0.648644541,0.740893116,0.780786493,0.153738724,0.325561047,0.404020387,1.133289804,0.476374029,0.755061816,0.09562457,1.637247014,0.288904918,0.42538272,0.648644541,0.464365705,0.48863643,0.687135567,0.536630143,0.423030425,0.508916192,0.430574066,0.840605033,0.693623973,0.397584476,2.627494359,1,0.538742082,0.378491638,0.740634333,0.856979936,0.104687904,0.742604862,0.492092011,0.680657058,0.165377324,0.154570117,0.135606666,0.103892734,0.749846223,0.908778116,0.070690819
mmu-miR-384-5p,0.575498205,0.810499574,1.655059787,0.702906077,0.992897479,0.89856649,2.638018929,1.15099641,0.559890523,1.043345273,1.040336321,1.753069671,2.619666816,0.589290127,0.551799734,0.740660002,2.457204051,2.193725987,2.275692823,1.119134423,1.467014706,1.756204888,1.791974366,2.339256399,1.96829778,1.071893323,0.589290127,0.551799734,0.740660002,3.443120487,0.757972108,1.129786369,2.092725856,1.077148132,0.515799877,2.465220455,2.141888431,0.912977999,1.906222687,1,0.405109363,0.546407806,0.894229265,0.991178409,0.788791913,1.925922968,1.290607219,1.147411858,1.06096961,0.807322311,1.609616129,2.48265421,0.894125966,1.31772562,0.849321887,1.792595525
mmu-miR-410-3p,1.082849943,1.064247229,1.353629893,3.011327949,1.497614872,2.305259507,2.349091512,1.429819798,1.716139306,1.124408813,1,1.509251603,0.75488738,1.4063932,1.565004349,1.158962056,1.322947368,1.250351162,1.150286179,1.240853963,1.24645719,1.821908072,1.814409375,1.450952208,0.504889122,2.936415929,1.4063932,1.565004349,1.158962056,0.579012607,1.421256224,3.977880675,1.322560146,0.784674742,1.835067757,0.21834277,1.433789601,1.470335107,0.392201421,2.051248104,0.968170696,2.196185628,1.232567509,1.021130084,0.73085984,0.150465016,2.005552872,0.648569611,1.343813877,0.284040128,0.569854957,0.45370716,0.332516999,1.382232207,2.144042247,0.663882579
mmu-miR-429-3p,0.596598946,0.907414321,1.072392722,1.624352599,1.045843271,0.682144444,0.579771739,1.111750716,1.552040997,1.284464188,1,1.100251496,1.335456824,1.226884977,0.900105908,1.106369533,1.075167673,0.89523189,0.756254556,1.049959248,1.267366102,1.199397746,1.142742223,1.157490217,0.196823515,0.723262538,1.226884977,0.900105908,1.106369533,1.289370308,1.247609693,1.068805991,1.039819657,1.036102452,0.979986196,1.472907333,1.03371131,1.113274221,0.971756439,1.727648832,1.483837734,1.550786413,1.014428137,1.400718129,1.107008782,0.596047826,1.271031689,1.107520446,1.07947762,0.413846215,0.28473005,0.446531338,0.665495124,0.960594864,0.839343544,0.210224104
mmu-miR-466d-3p,0.395248895,0.615074612,0.687214953,1.513320784,1.045843271,1.059814791,0.848872578,0.856682981,1.24847477,0.868240525,1,0.965824746,1.050687276,0.802737389,0.694076538,0.872261932,0.965441445,0.933248593,0.331738379,0.772353564,0.959818372,1.470185468,0.760752988,0.807201075,2.041852285,1.920338094,0.802737389,0.694076538,0.872261932,0.776289493,0.797284577,0.415235012,0.80069979,0.603810047,0.904274906,1.328378858,1.018773496,0.682710573,0.685233062,1.844263761,1.060197713,1.376495602,0.734414611,0.810097054,0.819415261,0.962928111,1.025978145,0.736794059,0.989885342,0.381080229,0.29293788,0.448392277,0.136360717,0.859160755,0.112604262,0.162442383
mmu-miR-466k,1.126489084,1.384949463,0.745269092,3.113248707,1.823444977,1.574803874,1.668310608,1.481268665,0.760577237,0.766929924,1,0.820078167,1.535100739,0.746906729,1.301492201,0.791045911,2.335557019,1.508728627,3.041605052,0.78803594,1.248186344,2.41703802,1.223912143,1.367935304,0.778378356,2.679766566,0.746906729,1.301492201,0.791045911,0.680028288,1.107392508,0.77916458,0.91151186,0.834605693,0.715405608,1.535455463,1.721699467,1.034133184,0.510388125,2.383728622,1.2229228,0.960594864,0.94780795,0.882193274,0.524010152,0.561555298,1.701727459,1.081724666,0.994699967,0.321338705,0.558901777,0.963818457,0.238407248,1.465100875,0.144319018,0.651122095
mmu-miR-495-3p,0.648344873,0.603670553,1.069423536,1.390802758,1.46171968,2.175059951,1.140305126,0.99160217,0.903857138,0.869444997,1,1.004747741,1.116770961,0.950000383,0.831718177,1.297588855,2.597038977,1.18126556,1.243964085,0.806828155,0.797653086,1.657015579,1.284760996,1.447938172,0.819033008,1.786510426,0.950000383,0.831718177,1.297588855,1.029302237,0.879750703,1.22010051,1.105219815,0.58001683,0.988856673,0.667882708,1.449779338,1.90292935,0.686183655,2.251684976,1.432299634,1.79129134,0.861347123,0.937679415,0.869746375,0.387293716,1.280759861,1.460369389,1.123759517,0.684520981,0.329572247,0.54936364,0.440587357,1.251796459,0.013586648,0.403041416
mmu-miR-497-5p,0.955834889,0.877112215,0.857276994,1.177084452,1.882521924,1.123906614,1.128832881,1.603065455,2.015540352,1.010568185,1,1.486411258,1.077235242,1.32317144,1.532797026,1.018773496,1.979205846,0.903335201,1.14630967,1.30435207,1.374429906,1.633826928,1.338391326,1.193335743,0.204450926,2.224973778,1.32317144,1.532797026,1.018773496,0.476208959,1.186873903,1.002776436,1.47972936,0.816863353,1.102541785,0.525465032,1.817346273,1.406954818,1.125578492,1.020015447,1.259048042,1.417157397,1.496577164,1.672686025,0.776289493,0.232209677,1.80125196,1.282832966,1.686851921,0.421372091,0.535391696,1.14538557,0.1315333,2.037782393,0.253724253,0.174342958
mmu-miR-669h-3p,1.089626226,1.653855665,0.772621288,2.272344912,0.592820263,1,2.401077411,1.509251603,0.979533451,0.768526369,1,1.250784575,3.02583503,0.716977624,1.036820872,0.931632797,1,1.945759409,4.032031286,1.069794234,0.569131262,4.683081568,0.745613559,2.989698497,1.50953426,5.561929019,0.716977624,1.036820872,0.931632797,0.538368784,0.993895906,1.258757174,1.370149515,0.595910126,0.90804351,2.238708466,0.759348117,1.718522809,1.183998019,1.333036238,0.713672127,1.000693387,0.439722929,0.673694612,0.708415001,1.1045816,1.236275261,2.516351277,1.672879272,0.574813825,1.117803554,1.460875602,0.566245663,3.931282394,1.286394669,0.441657526
mmu-miR-669k-3p,1.641293597,1.384949463,0.698742759,1.869570446,1.141290982,0.916448151,0.909283398,1.786125351,0.888329414,0.81856374,1,0.807667467,1.556529946,1.923854909,1.13458655,1.625443415,1,1.916313148,5.408013801,1.007188233,1.187422482,1.392063639,1.43246511,1.655193632,3.888900977,1.148126283,1.923854909,1.13458655,1.625443415,3.466949126,1.052752766,0.948026965,1.212793001,1.567175411,0.963818457,3.163818123,1.036581344,0.718360037,1.396355868,1.040358676,1.119095637,1.264003098,2.100403736,1.698388687,1.550428146,4.72888481,1.068805991,1.039819657,1.211952649,0.977498685,3.919491962,4.316414265,1.702317335,0.946057647,1.124538717,1.338855257
mmu-miR-694,1.414703776,2.399111152,1.201219666,4.160253673,0.441453484,1.67E+00,2.034888271,1.138788635,1.513441943,2.036135162,1.598442299,1.048625839,2.011121161,1.502814214,0.696808116,0.947041794,1.582355033,1.494849249,2.138257351,1.443929196,1.629579798,3.586480616,0.689282201,1.405094017,2.039902455,2.093265053,1.50E+00,0.696808116,0.947041794,2.360894106,1.534568805,1.804584459,1.191682575,1.043791337,0.87448164,5.545560691,1.143534586,0.619630329,0.577276072,0.765523551,1,0.989428024,0.73883972,0.824638277,1.026926789,2.894204104,1.022901102,1.477338064,1.273677475,0.345518134,0.448547704,0.869645904,1.122851131,1.106241727,0.021777769,0.063094876
mmu-miR-712-5p,0.899274418,1.256868167,1.394582549,2.566365821,0.87216117,0.303174678,0.34094665,1.642431649,1.3633601,1.268537938,1,1.706255071,1.423392297,1.033114388,0.912038522,1.255997274,0.190380902,1.759704683,2.580616629,0.718636109,1.700351876,2.285410254,1.874492431,1.642621402,1.128974187,2.672493304,1.033114388,0.912038522,1.255997274,0.728836273,2.339445576,1.622254311,2.216576775,1.872760832,1.781180019,1.857892035,1.432796118,1.158853343,1.792119284,0.876347522,0.819225957,0.788946841,1.597334728,0.57322231,1.910124489,1.466624963,1.304050735,1.188657712,1.876875993,0.53557728,1.206365158,1.489505379,1.037060457,0.487339815,0.61571445,0.067451765
mmu-miR-9-5p,0.378622836,0.430723318,0.927766291,1.111509927,0.570645491,1.553738988,0.700297536,0.773157014,1.359585298,1.063755556,1,0.871657536,1.372050263,0.462973011,0.330601842,1.63221752,0.614460709,0.909618394,0.208679073,0.803479619,1.341487241,0.801640425,1.070659697,1.750782659,0.194807145,1.437034137,0.462973011,0.330601842,1.63221752,2.893201223,1.359585298,1.70054832,0.803479619,0.762160458,0.960483898,1.660556334,0.94398336,0.760334416,0.584658732,1.478907684,0.975580843,1.29145735,0.718304106,1.245018057,1.555810843,1.45952609,0.966606097,1.763367693,0.804036741,0.295691908,0.214146005,0.125680553,1.307218223,0.950000383,1,0.612168196
mmu-miR-93-5p,0.565199985,0.550507198,0.807667467,0.842127647,0.910459448,0.684538299,0.716806148,0.918170085,1.116641954,0.924129326,1,0.850175938,0.727658447,0.864537231,0.859855815,0.780696298,0.641570035,0.772889104,0.495312465,0.80069979,0.961816335,1.073603416,1.01150258,0.882091365,0.182830605,0.704101994,0.864537231,0.859855815,0.780696298,0.655499537,0.839246585,0.760489377,0.822640117,0.694076538,0.923275644,0.704009434,1.010334721,0.561573592,0.713342417,1.068943796,0.799590554,0.961260928,0.989428024,1.103561221,0.756633557,0.231085717,0.987600861,0.896473805,0.837019613,0.389087535,0.298471827,0.560129895,0.357620167,0.844986384,0.087312579,0.232773705
mmu-miR-98-5p,0.513641378,0.812721707,0.776917511,0.78436433,1.123240349,0.391133271,0.523047878,0.999191655,1.440097676,1.258030297,1,1.011736314,1.298038643,0.763658749,0.968058855,1.154152077,0.327224271,1.080975131,0.425561881,1.008585461,1.049595423,0.735322057,1.278542395,1.199139914,1.383234253,0.403043185,0.763658749,0.968058855,1.154152077,2.432882537,0.995964805,1.665551542,0.881683847,0.910775044,0.914359452,1.854032671,1.191544914,0.565836442,0.530956902,0.669086667,1.34474566,1.556170353,0.857177964,1.171345493,2.057178052,1.704678884,0.989656656,1.267805413,1.055066061,0.29162103,0.152266098,0.169555952,0.970298132,0.994470169,0.27919274,0.23116582